id,old_category,old_note
207,健康/_未分类,
1102,健康/_未分类,
1563,健康/_未分类,南京新声大药房有限公司
1632,健康/_未分类,医药
2083,健康/_未分类,
2474,健康/_未分类,药💊
2723,健康/_未分类,
3056,健康/_未分类,感冒药
3264,健康/_未分类,
3483,健康/_未分类,
3553,健康/_未分类,
3809,健康/_未分类,
4003,健康/_未分类,弟弟感冒发热
4149,健康/_未分类,美团
4182,健康/_未分类,
4278,健康/_未分类,美团
4315,健康/_未分类,美团平台商户
4324,健康/_未分类,美团平台商户
4394,健康/_未分类,美团
4501,健康/_未分类,神经性皮炎
4783,健康/_未分类,药物
4789,健康/_未分类,
4811,健康/_未分类,眼药水
4828,健康/_未分类,
4841,健康/_未分类,蓝芩
4852,健康/_未分类,蓝芩
4863,健康/_未分类,
4868,健康/_未分类,滴眼液
4871,健康/_未分类,
5162,健康/_未分类,医药 皮炎
5177,健康/_未分类,烫伤膏
5677,健康/_未分类,美团
5835,健康/_未分类,感冒药
5839,健康/_未分类,
5860,健康/_未分类,
5873,健康/_未分类,
5875,健康/_未分类,
5912,健康/_未分类,
6294,健康/_未分类,
6456,健康/_未分类,
6589,健康/_未分类,
6749,健康/_未分类,南京市中医院 自费医药费
6786,健康/_未分类,看病的
2,出行/_未分类,
6,出行/_未分类,
12,出行/_未分类,
13,出行/_未分类,
15,出行/_未分类,
16,出行/_未分类,
23,出行/_未分类,
34,出行/_未分类,
45,出行/_未分类,
48,出行/_未分类,
55,出行/_未分类,
60,出行/_未分类,
67,出行/_未分类,
70,出行/_未分类,
84,出行/_未分类,
92,出行/_未分类,停车费
109,出行/_未分类,
110,出行/_未分类,
114,出行/_未分类,
125,出行/_未分类,自行车🚲
131,出行/_未分类,
135,出行/_未分类,
140,出行/_未分类,
153,出行/_未分类,
155,出行/_未分类,
156,出行/_未分类,
157,出行/_未分类,
161,出行/_未分类,
179,出行/_未分类,
182,出行/_未分类,
184,出行/_未分类,
190,出行/_未分类,
200,出行/_未分类,
204,出行/_未分类,
209,出行/_未分类,
240,出行/_未分类,
247,出行/_未分类,
274,出行/_未分类,
280,出行/_未分类,
292,出行/_未分类,
298,出行/_未分类,
301,出行/_未分类,
316,出行/_未分类,
338,出行/_未分类,
339,出行/_未分类,
348,出行/_未分类,
358,出行/_未分类,
370,出行/_未分类,
375,出行/_未分类,
383,出行/_未分类,
392,出行/_未分类,
398,出行/_未分类,
404,出行/_未分类,加油
427,出行/_未分类,
443,出行/_未分类,
466,出行/_未分类,
475,出行/_未分类,
486,出行/_未分类,
493,出行/_未分类,
498,出行/_未分类,
500,出行/_未分类,
505,出行/_未分类,
509,出行/_未分类,
512,出行/_未分类,
529,出行/_未分类,美团小车
535,出行/_未分类,
541,出行/_未分类,
549,出行/_未分类,
579,出行/_未分类,停车费
599,出行/_未分类,
604,出行/_未分类,
611,出行/_未分类,骑行卡
630,出行/_未分类,停车费
633,出行/_未分类,
637,出行/_未分类,
646,出行/_未分类,地铁
649,出行/_未分类,地铁
658,出行/_未分类,美团
666,出行/_未分类,打车
667,出行/_未分类,地铁
704,出行/_未分类,停车费
720,出行/_未分类,hello单车
742,出行/_未分类,美团小车
749,出行/_未分类,地铁
754,出行/_未分类,停车费
755,出行/_未分类,汽油
779,出行/_未分类,
781,出行/_未分类,汽车
782,出行/_未分类,退票费
784,出行/_未分类,
793,出行/_未分类,客车
806,出行/_未分类,滴滴出行
807,出行/_未分类,客车
812,出行/_未分类,
820,出行/_未分类,
822,出行/_未分类,
846,出行/_未分类,
849,出行/_未分类,
860,出行/_未分类,
874,出行/_未分类,
875,出行/_未分类,美团
879,出行/_未分类,
903,出行/_未分类,
911,出行/_未分类,巴士管家
913,出行/_未分类,哈啰出行
918,出行/_未分类,
921,出行/_未分类,
922,出行/_未分类,
923,出行/_未分类,
929,出行/_未分类,
932,出行/_未分类,
933,出行/_未分类,美团
945,出行/_未分类,
960,出行/_未分类,
961,出行/_未分类,美团打车
970,出行/_未分类,滴滴出行
976,出行/_未分类,
985,出行/_未分类,
987,出行/_未分类,
988,出行/_未分类,
991,出行/_未分类,
994,出行/_未分类,
997,出行/_未分类,
1004,出行/_未分类,美团
1005,出行/_未分类,
1019,出行/_未分类,美团骑行
1020,出行/_未分类,
1032,出行/_未分类,
1040,出行/_未分类,
1047,出行/_未分类,
1051,出行/_未分类,
1059,出行/_未分类,
1083,出行/_未分类,
1089,出行/_未分类,高港到南京
1093,出行/_未分类,
1105,出行/_未分类,高德打车
1106,出行/_未分类,
1114,出行/_未分类,
1121,出行/_未分类,
1125,出行/_未分类,
1130,出行/_未分类,
1133,出行/_未分类,
1134,出行/_未分类,
1139,出行/_未分类,滴滴出行
1161,出行/_未分类,
1168,出行/_未分类,
1172,出行/_未分类,
1185,出行/_未分类,
1202,出行/_未分类,滴滴出行
1215,出行/_未分类,滴滴出行
1218,出行/_未分类,
1227,出行/_未分类,
1235,出行/_未分类,
1239,出行/_未分类,地铁
1253,出行/_未分类,
1271,出行/_未分类,
1272,出行/_未分类,巴士管家
1276,出行/_未分类,滴滴出行
1279,出行/_未分类,
1280,出行/_未分类,巴士管家
1282,出行/_未分类,
1365,出行/_未分类,
1371,出行/_未分类,
1374,出行/_未分类,
1378,出行/_未分类,
1384,出行/_未分类,巴士管家
1394,出行/_未分类,
1395,出行/_未分类,巴士管家
1406,出行/_未分类,
1409,出行/_未分类,南京市财政局
1416,出行/_未分类,江苏省南京市公安局交通管理局车辆管理所
1426,出行/_未分类,
1430,出行/_未分类,
1431,出行/_未分类,
1450,出行/_未分类,
1464,出行/_未分类,
1468,出行/_未分类,
1476,出行/_未分类,
1478,出行/_未分类,
1497,出行/_未分类,
1501,出行/_未分类,
1510,出行/_未分类,
1516,出行/_未分类,
1520,出行/_未分类,
1524,出行/_未分类,
1531,出行/_未分类,
1544,出行/_未分类,
1555,出行/_未分类,
1556,出行/_未分类,
1560,出行/_未分类,
1583,出行/_未分类,
1587,出行/_未分类,南京地铁(竹山路2023-08-0408:37:27--花神庙2023-08-0408:59:21)
1596,出行/_未分类,
1598,出行/_未分类,
1601,出行/_未分类,
1605,出行/_未分类,
1613,出行/_未分类,
1619,出行/_未分类,
1620,出行/_未分类,
1626,出行/_未分类,
1628,出行/_未分类,
1631,出行/_未分类,南京地铁(花神庙2023-07-2718:21:37--竹山路2023-07-2718:43:16)
1634,出行/_未分类,
1639,出行/_未分类,
1642,出行/_未分类,
1644,出行/_未分类,
1648,出行/_未分类,
1651,出行/_未分类,
1671,出行/_未分类,
1672,出行/_未分类,
1676,出行/_未分类,
1678,出行/_未分类,
1680,出行/_未分类,
1684,出行/_未分类,
1694,出行/_未分类,
1695,出行/_未分类,
1697,出行/_未分类,
1701,出行/_未分类,
1703,出行/_未分类,
1706,出行/_未分类,
1707,出行/_未分类,
1710,出行/_未分类,
1714,出行/_未分类,
1717,出行/_未分类,
1719,出行/_未分类,
1726,出行/_未分类,
1732,出行/_未分类,
1737,出行/_未分类,
1741,出行/_未分类,
1743,出行/_未分类,
1745,出行/_未分类,
1748,出行/_未分类,
1749,出行/_未分类,
1754,出行/_未分类,
1755,出行/_未分类,
1757,出行/_未分类,
1763,出行/_未分类,
1784,出行/_未分类,
1788,出行/_未分类,
1789,出行/_未分类,
1793,出行/_未分类,
1795,出行/_未分类,
1798,出行/_未分类,
1802,出行/_未分类,
1806,出行/_未分类,
1836,出行/_未分类,
1838,出行/_未分类,
1844,出行/_未分类,
1847,出行/_未分类,
1861,出行/_未分类,
1872,出行/_未分类,
1875,出行/_未分类,
1880,出行/_未分类,
1881,出行/_未分类,
1891,出行/_未分类,
1893,出行/_未分类,
1899,出行/_未分类,
1901,出行/_未分类,
1905,出行/_未分类,
1915,出行/_未分类,
1956,出行/_未分类,
1962,出行/_未分类,
1967,出行/_未分类,
1987,出行/_未分类,
1990,出行/_未分类,
2000,出行/_未分类,
2005,出行/_未分类,
2013,出行/_未分类,
2018,出行/_未分类,
2031,出行/_未分类,
2039,出行/_未分类,
2046,出行/_未分类,
2063,出行/_未分类,
2071,出行/_未分类,
2073,出行/_未分类,
2075,出行/_未分类,
2079,出行/_未分类,
2082,出行/_未分类,
2084,出行/_未分类,
2087,出行/_未分类,
2090,出行/_未分类,
2093,出行/_未分类,
2098,出行/_未分类,
2102,出行/_未分类,
2106,出行/_未分类,
2113,出行/_未分类,
2118,出行/_未分类,
2127,出行/_未分类,
2133,出行/_未分类,
2138,出行/_未分类,
2142,出行/_未分类,
2145,出行/_未分类,
2150,出行/_未分类,
2156,出行/_未分类,
2167,出行/_未分类,
2168,出行/_未分类,
2172,出行/_未分类,
2184,出行/_未分类,
2188,出行/_未分类,
2191,出行/_未分类,
2192,出行/_未分类,
2194,出行/_未分类,
2200,出行/_未分类,
2206,出行/_未分类,
2212,出行/_未分类,
2213,出行/_未分类,
2215,出行/_未分类,
2216,出行/_未分类,
2219,出行/_未分类,
2224,出行/_未分类,
2226,出行/_未分类,
2227,出行/_未分类,
2228,出行/_未分类,
2230,出行/_未分类,
2236,出行/_未分类,
2239,出行/_未分类,
2245,出行/_未分类,
2251,出行/_未分类,
2264,出行/_未分类,
2265,出行/_未分类,
2269,出行/_未分类,
2277,出行/_未分类,
2282,出行/_未分类,
2288,出行/_未分类,
2291,出行/_未分类,
2294,出行/_未分类,
2299,出行/_未分类,
2301,出行/_未分类,
2302,出行/_未分类,
2307,出行/_未分类,
2309,出行/_未分类,停车费
2316,出行/_未分类,
2323,出行/_未分类,
2345,出行/_未分类,
2350,出行/_未分类,
2352,出行/_未分类,
2355,出行/_未分类,
2356,出行/_未分类,
2362,出行/_未分类,
2368,出行/_未分类,
2372,出行/_未分类,
2374,出行/_未分类,
2377,出行/_未分类,
2379,出行/_未分类,
2385,出行/_未分类,
2392,出行/_未分类,
2395,出行/_未分类,
2403,出行/_未分类,
2404,出行/_未分类,
2408,出行/_未分类,
2412,出行/_未分类,
2420,出行/_未分类,
2422,出行/_未分类,
2426,出行/_未分类,停车费
2439,出行/_未分类,
2441,出行/_未分类,
2442,出行/_未分类,
2443,出行/_未分类,
2449,出行/_未分类,
2460,出行/_未分类,
2464,出行/_未分类,
2465,出行/_未分类,
2470,出行/_未分类,
2475,出行/_未分类,
2477,出行/_未分类,
2481,出行/_未分类,
2485,出行/_未分类,
2487,出行/_未分类,
2488,出行/_未分类,
2492,出行/_未分类,
2503,出行/_未分类,
2505,出行/_未分类,
2512,出行/_未分类,
2518,出行/_未分类,
2522,出行/_未分类,
2523,出行/_未分类,
2526,出行/_未分类,
2528,出行/_未分类,
2545,出行/_未分类,
2546,出行/_未分类,
2547,出行/_未分类,
2550,出行/_未分类,
2558,出行/_未分类,
2560,出行/_未分类,
2563,出行/_未分类,
2567,出行/_未分类,
2568,出行/_未分类,
2570,出行/_未分类,
2580,出行/_未分类,
2581,出行/_未分类,
2583,出行/_未分类,
2584,出行/_未分类,
2587,出行/_未分类,
2595,出行/_未分类,
2596,出行/_未分类,
2604,出行/_未分类,
2606,出行/_未分类,
2609,出行/_未分类,停车费
2610,出行/_未分类,
2611,出行/_未分类,
2614,出行/_未分类,
2616,出行/_未分类,
2619,出行/_未分类,
2631,出行/_未分类,
2633,出行/_未分类,
2643,出行/_未分类,
2656,出行/_未分类,
2660,出行/_未分类,
2664,出行/_未分类,
2669,出行/_未分类,
2673,出行/_未分类,
2689,出行/_未分类,
2690,出行/_未分类,
2693,出行/_未分类,
2697,出行/_未分类,
2700,出行/_未分类,
2707,出行/_未分类,
2724,出行/_未分类,岸鸣
2742,出行/_未分类,岸鸣
2748,出行/_未分类,
2763,出行/_未分类,美团
2766,出行/_未分类,高德打车
2811,出行/_未分类,智行物联
2832,出行/_未分类,
2837,出行/_未分类,
2852,出行/_未分类,南京市财政局
2860,出行/_未分类,莱充车服
2871,出行/_未分类,
2872,出行/_未分类,高德打车
2874,出行/_未分类,
2893,出行/_未分类,
2894,出行/_未分类,美团
2943,出行/_未分类,
2971,出行/_未分类,
2972,出行/_未分类,高德打车
2978,出行/_未分类,
2994,出行/_未分类,
2995,出行/_未分类,
3000,出行/_未分类,
3001,出行/_未分类,
3002,出行/_未分类,
3008,出行/_未分类,
3009,出行/_未分类,
3016,出行/_未分类,停车费
3029,出行/_未分类,
3040,出行/_未分类,
3048,出行/_未分类,
3049,出行/_未分类,
3059,出行/_未分类,
3067,出行/_未分类,
3069,出行/_未分类,
3080,出行/_未分类,
3081,出行/_未分类,打车
3090,出行/_未分类,
3093,出行/_未分类,
3098,出行/_未分类,
3099,出行/_未分类,
3100,出行/_未分类,
3103,出行/_未分类,
3105,出行/_未分类,
3108,出行/_未分类,
3112,出行/_未分类,美团
3117,出行/_未分类,
3125,出行/_未分类,
3128,出行/_未分类,江苏通行宝智慧交通科技有限公司
3129,出行/_未分类,
3134,出行/_未分类,
3136,出行/_未分类,
3138,出行/_未分类,
3165,出行/_未分类,南京市财政局
3222,出行/_未分类,飞机发票
3245,出行/_未分类,
3251,出行/_未分类,美团
3257,出行/_未分类,
3258,出行/_未分类,
3260,出行/_未分类,
3261,出行/_未分类,
3266,出行/_未分类,
3273,出行/_未分类,美团
3291,出行/_未分类,
3300,出行/_未分类,
3301,出行/_未分类,
3302,出行/_未分类,
3313,出行/_未分类,
3314,出行/_未分类,待姚丹萍确认收款
3324,出行/_未分类,中国南方航空白云航旅
3328,出行/_未分类,
3333,出行/_未分类,
3338,出行/_未分类,
3345,出行/_未分类,
3349,出行/_未分类,
3369,出行/_未分类,
3370,出行/_未分类,
3373,出行/_未分类,
3383,出行/_未分类,南京市财政局
3386,出行/_未分类,
3390,出行/_未分类,
3393,出行/_未分类,高德打车
3421,出行/_未分类,
3424,出行/_未分类,
3429,出行/_未分类,
3434,出行/_未分类,
3442,出行/_未分类,
3450,出行/_未分类,高德打车
3459,出行/_未分类,
3460,出行/_未分类,
3462,出行/_未分类,
3464,出行/_未分类,
3468,出行/_未分类,
3469,出行/_未分类,
3497,出行/_未分类,
3517,出行/_未分类,
3520,出行/_未分类,南京市财政局
3526,出行/_未分类,自行车
3533,出行/_未分类,
3545,出行/_未分类,美团
3546,出行/_未分类,美团
3547,出行/_未分类,高德打车
3548,出行/_未分类,
3549,出行/_未分类,
3550,出行/_未分类,高德打车
3551,出行/_未分类,高德打车
3617,出行/_未分类,共享单车
3647,出行/_未分类,南京市财政局
3649,出行/_未分类,南京市中医院
3650,出行/_未分类,高德打车
3661,出行/_未分类,南京市财政局
3662,出行/_未分类,
3663,出行/_未分类,高德打车
3672,出行/_未分类,
3675,出行/_未分类,高德打车
3688,出行/_未分类,
3689,出行/_未分类,高德打车
3690,出行/_未分类,
3692,出行/_未分类,
3707,出行/_未分类,
3709,出行/_未分类,停车场
3719,出行/_未分类,深圳市腾讯计算机系统有限公司
3720,出行/_未分类,南京市财政局
3726,出行/_未分类,转账给中国石油天然气股份有限公司
3737,出行/_未分类,
3745,出行/_未分类,
3747,出行/_未分类,罚款
3755,出行/_未分类,
3756,出行/_未分类,
3758,出行/_未分类,
3760,出行/_未分类,
3764,出行/_未分类,
3768,出行/_未分类,
3777,出行/_未分类,转账给中国石油天然气股份有限公司
3784,出行/_未分类,
3793,出行/_未分类,
3795,出行/_未分类,
3798,出行/_未分类,
3802,出行/_未分类,
3804,出行/_未分类,
3807,出行/_未分类,车享家
3810,出行/_未分类,
3816,出行/_未分类,停车
3817,出行/_未分类,
3822,出行/_未分类,
3824,出行/_未分类,
3839,出行/_未分类,
3850,出行/_未分类,
3864,出行/_未分类,
3865,出行/_未分类,
3869,出行/_未分类,
3870,出行/_未分类,
3874,出行/_未分类,
3875,出行/_未分类,
3880,出行/_未分类,
3885,出行/_未分类,
3900,出行/_未分类,泰州市长运汽车运输有限公司
3902,出行/_未分类,
3903,出行/_未分类,
3909,出行/_未分类,
3911,出行/_未分类,
3915,出行/_未分类,
3935,出行/_未分类,
3957,出行/_未分类,
3958,出行/_未分类,
3961,出行/_未分类,
3963,出行/_未分类,
3968,出行/_未分类,修车
3970,出行/_未分类,
3971,出行/_未分类,南京景安机动车安全检测有限公司
3974,出行/_未分类,
3984,出行/_未分类,
3994,出行/_未分类,
4000,出行/_未分类,
4011,出行/_未分类,
4013,出行/_未分类,
4026,出行/_未分类,
4031,出行/_未分类,
4038,出行/_未分类,
4049,出行/_未分类,泰州市长运汽车运输有限公司
4052,出行/_未分类,
4054,出行/_未分类,美团
4055,出行/_未分类,交南票务
4057,出行/_未分类,
4066,出行/_未分类,
4069,出行/_未分类,
4088,出行/_未分类,
4089,出行/_未分类,
4098,出行/_未分类,
4100,出行/_未分类,
4102,出行/_未分类,
4103,出行/_未分类,
4105,出行/_未分类,交通费
4109,出行/_未分类,
4111,出行/_未分类,美团
4112,出行/_未分类,南京绕越高速公路东南段
4113,出行/_未分类,万达广场
4123,出行/_未分类,
4125,出行/_未分类,
4128,出行/_未分类,
4133,出行/_未分类,美团
4135,出行/_未分类,
4138,出行/_未分类,
4139,出行/_未分类,
4141,出行/_未分类,
4143,出行/_未分类,
4145,出行/_未分类,
4146,出行/_未分类,哈啰出行
4151,出行/_未分类,滴滴出行
4155,出行/_未分类,
4157,出行/_未分类,
4166,出行/_未分类,
4171,出行/_未分类,
4172,出行/_未分类,美团
4212,出行/_未分类,
4221,出行/_未分类,
4241,出行/_未分类,
4262,出行/_未分类,停车费
4265,出行/_未分类,
4270,出行/_未分类,
4272,出行/_未分类,
4274,出行/_未分类,美团
4285,出行/_未分类,
4290,出行/_未分类,
4293,出行/_未分类,
4296,出行/_未分类,
4300,出行/_未分类,
4302,出行/_未分类,
4305,出行/_未分类,
4308,出行/_未分类,
4309,出行/_未分类,美团平台商户
4323,出行/_未分类,东部机场集团有限公司
4336,出行/_未分类,南京万象天地停车场
4390,出行/_未分类,停车费
4406,出行/_未分类,
4408,出行/_未分类,
4410,出行/_未分类,
4411,出行/_未分类,
4419,出行/_未分类,
4426,出行/_未分类,
4428,出行/_未分类,自行车🚴‍♀️
4438,出行/_未分类,
4446,出行/_未分类,
4448,出行/_未分类,
4452,出行/_未分类,
4453,出行/_未分类,
4468,出行/_未分类,
4470,出行/_未分类,
4476,出行/_未分类,
4478,出行/_未分类,
4485,出行/_未分类,
4487,出行/_未分类,
4488,出行/_未分类,美团
4497,出行/_未分类,
4499,出行/_未分类,
4502,出行/_未分类,
4505,出行/_未分类,
4506,出行/_未分类,
4510,出行/_未分类,
4514,出行/_未分类,
4527,出行/_未分类,
4541,出行/_未分类,
4546,出行/_未分类,
4551,出行/_未分类,
4556,出行/_未分类,
4557,出行/_未分类,
4558,出行/_未分类,美团
4581,出行/_未分类,
4582,出行/_未分类,
4584,出行/_未分类,车票
4585,出行/_未分类,
4589,出行/_未分类,
4595,出行/_未分类,哈啰出行
4596,出行/_未分类,哈啰出行
4617,出行/_未分类,
4635,出行/_未分类,共享单车
4658,出行/_未分类,
4662,出行/_未分类,
4707,出行/_未分类,
4719,出行/_未分类,
4720,出行/_未分类,
4721,出行/_未分类,
4770,出行/_未分类,
4771,出行/_未分类,
4787,出行/_未分类,
4881,出行/_未分类,
4882,出行/_未分类,
4901,出行/_未分类,自行车
4961,出行/_未分类,打车
4976,出行/_未分类,
4979,出行/_未分类,
4980,出行/_未分类,
4984,出行/_未分类,交通 日照西到南京
4985,出行/_未分类,
4990,出行/_未分类,
4996,出行/_未分类,
4997,出行/_未分类,打车
4999,出行/_未分类,
5002,出行/_未分类,
5006,出行/_未分类,交通费到日照
5008,出行/_未分类,
5013,出行/_未分类,
5014,出行/_未分类,
5015,出行/_未分类,
5017,出行/_未分类,
5020,出行/_未分类,
5023,出行/_未分类,
5024,出行/_未分类,
5025,出行/_未分类,
5026,出行/_未分类,
5032,出行/_未分类,
5033,出行/_未分类,
5036,出行/_未分类,美团自行车
5043,出行/_未分类,
5045,出行/_未分类,
5082,出行/_未分类,
5083,出行/_未分类,
5119,出行/_未分类,
5120,出行/_未分类,
5121,出行/_未分类,
5122,出行/_未分类,
5123,出行/_未分类,
5164,出行/_未分类,
5171,出行/_未分类,
5172,出行/_未分类,打车
5274,出行/_未分类,
5276,出行/_未分类,
5287,出行/_未分类,
5299,出行/_未分类,
5300,出行/_未分类,
5312,出行/_未分类,
5313,出行/_未分类,
5345,出行/_未分类,
5349,出行/_未分类,共享单车
5350,出行/_未分类,共享单车
5354,出行/_未分类,打车
5372,出行/_未分类,
5373,出行/_未分类,
5512,出行/_未分类,
5522,出行/_未分类,
5528,出行/_未分类,
5529,出行/_未分类,
5551,出行/_未分类,年检
5552,出行/_未分类,修车
5554,出行/_未分类,
5621,出行/_未分类,江苏省财政厅
5638,出行/_未分类,签约开通处理中
5659,出行/_未分类,
5660,出行/_未分类,回城
5661,出行/_未分类,高德打车
5664,出行/_未分类,高德打车
5674,出行/_未分类,
5678,出行/_未分类,高德云信科技
5680,出行/_未分类,高德打车
5683,出行/_未分类,高德打车
5684,出行/_未分类,
5691,出行/_未分类,
5726,出行/_未分类,
5727,出行/_未分类,
5744,出行/_未分类,
5745,出行/_未分类,273
5749,出行/_未分类,
5750,出行/_未分类,
5756,出行/_未分类,高德打车
5757,出行/_未分类,
5759,出行/_未分类,
5769,出行/_未分类,
5773,出行/_未分类,高德打车
5774,出行/_未分类,高德打车
5778,出行/_未分类,高德打车
5780,出行/_未分类,高德打车
5787,出行/_未分类,
5791,出行/_未分类,搬家
5803,出行/_未分类,
5806,出行/_未分类,
5830,出行/_未分类,
5858,出行/_未分类,
5872,出行/_未分类,
5887,出行/_未分类,
5894,出行/_未分类,
5919,出行/_未分类,
5928,出行/_未分类,
5938,出行/_未分类,
5949,出行/_未分类,
5955,出行/_未分类,
5970,出行/_未分类,南京市财政局
5977,出行/_未分类,
5987,出行/_未分类,岸鸣
6022,出行/_未分类,
6023,出行/_未分类,
6030,出行/_未分类,
6054,出行/_未分类,
6057,出行/_未分类,
6065,出行/_未分类,岸鸣
6076,出行/_未分类,
6087,出行/_未分类,
6089,出行/_未分类,高德打车
6109,出行/_未分类,岸鸣
6133,出行/_未分类,
6175,出行/_未分类,
6192,出行/_未分类,
6200,出行/_未分类,
6207,出行/_未分类,美团单车
6211,出行/_未分类,
6228,出行/_未分类,
6233,出行/_未分类,
6239,出行/_未分类,
6242,出行/_未分类,
6248,出行/_未分类,
6249,出行/_未分类,
6256,出行/_未分类,
6258,出行/_未分类,
6259,出行/_未分类,
6261,出行/_未分类,
6262,出行/_未分类,
6264,出行/_未分类,
6266,出行/_未分类,
6267,出行/_未分类,
6270,出行/_未分类,
6279,出行/_未分类,
6281,出行/_未分类,
6282,出行/_未分类,
6297,出行/_未分类,
6303,出行/_未分类,
6304,出行/_未分类,
6305,出行/_未分类,
6309,出行/_未分类,
6310,出行/_未分类,
6315,出行/_未分类,
6320,出行/_未分类,
6321,出行/_未分类,
6325,出行/_未分类,
6328,出行/_未分类,
6348,出行/_未分类,
6352,出行/_未分类,
6353,出行/_未分类,
6357,出行/_未分类,
6368,出行/_未分类,打车
6373,出行/_未分类,
6375,出行/_未分类,
6376,出行/_未分类,
6378,出行/_未分类,
6379,出行/_未分类,
6385,出行/_未分类,
6391,出行/_未分类,
6394,出行/_未分类,
6398,出行/_未分类,
6403,出行/_未分类,
6404,出行/_未分类,
6409,出行/_未分类,
6410,出行/_未分类,
6412,出行/_未分类,
6413,出行/_未分类,
6414,出行/_未分类,
6415,出行/_未分类,
6419,出行/_未分类,公交车
6420,出行/_未分类,
6421,出行/_未分类,
6422,出行/_未分类,
6424,出行/_未分类,工作
6445,出行/_未分类,
6446,出行/_未分类,
6450,出行/_未分类,
6477,出行/_未分类,打车
6550,出行/_未分类,
6571,出行/_未分类,
6616,出行/_未分类,
6617,出行/_未分类,
6618,出行/_未分类,
6619,出行/_未分类,
6620,出行/_未分类,
6623,出行/_未分类,
6624,出行/_未分类,
6625,出行/_未分类,
6631,出行/_未分类,
6637,出行/_未分类,自行车
6650,出行/_未分类,美团单车超时扣款
6654,出行/_未分类,小黄车忘锁扣款
6655,出行/_未分类,共享单车忘记关锁
6659,出行/_未分类,高德打车，实付¥11.60（原价¥11.90，建行立减金-¥0.30）
6663,出行/_未分类,美团单车-小黄车忘记关锁
6667,出行/_未分类,小黄车忘记关锁
6668,出行/_未分类,小黄车忘记关锁
6671,出行/_未分类,高德打车
6704,出行/_未分类,骑小黄车，忘了关锁
6709,出行/_未分类,高德打车，花呗支付
6716,出行/_未分类,小黄车骑行
6720,出行/_未分类,汽车年检尊享套餐 - 南京宏邦机动车
6724,出行/_未分类,交通支出
6725,出行/_未分类,
6732,出行/_未分类,小黄车超时费（分多次产生，合并记账）
6742,出行/_未分类,小黄车骑行
6751,出行/_未分类,天隆寺打车回家-13.5元
6765,出行/_未分类,小黄车交通费用
6768,出行/_未分类,美团小单车
6777,出行/_未分类,小黄车
6779,出行/_未分类,小黄车共享单车 忘记关锁
6787,出行/_未分类,小黄车
6788,出行/_未分类,小黄车（忘关锁？第 2 次？）
6799,出行/_未分类,C424 南京08:50→如皋10:57 6/17 二等座15车20A ¥80(9折) 订单ED56387858
6800,出行/_未分类,C3766 如皋13:36→南京15:51 6/18 二等座01车08A ¥88.5 订单ED60328758
6804,出行/_未分类,地铁费
6809,出行/_未分类,地铁费
6810,出行/_未分类,地铁
6811,出行/_未分类,地铁
6812,出行/_未分类,地铁票-去南京南站
6817,出行/_未分类,地铁票-回程
6827,出行/_未分类,高德打车
6833,出行/_未分类,地铁
6837,出行/_未分类,美团小黄车 月卡
6846,出行/_未分类,停车费(南京市财政局)
5676,出行/车辆相关/_未分类,汽车衣
5679,出行/车辆相关/_未分类,玻璃水
967,学习/_未分类,翻墙
1420,学习/_未分类,签约开通处理中
1506,学习/_未分类,
1599,学习/_未分类,
1622,学习/_未分类,
1685,学习/_未分类,
1759,学习/_未分类,
1890,学习/_未分类,移动硬盘用于学习
1998,学习/_未分类,
2058,学习/_未分类,键盘
2067,学习/_未分类,pad看视频
2161,学习/_未分类,
2197,学习/_未分类,
2210,学习/_未分类,培训
2326,学习/_未分类,自我学习 强大能力！
2539,学习/_未分类,
2540,学习/_未分类,翻墙
2884,学习/_未分类,
3244,学习/_未分类,迅雷
3435,学习/_未分类,
3863,学习/_未分类,拾亿亿严选
3923,学习/_未分类,
4108,学习/_未分类,【培训费】
4257,学习/_未分类,培训费
4298,学习/_未分类,张明剑2
4391,学习/_未分类,上海玛昆智能科技中心
4443,学习/_未分类,培训费
5273,学习/_未分类,
5329,学习/_未分类,deepseek
5584,学习/_未分类,身份证
5646,学习/_未分类,
5708,学习/_未分类,
5831,学习/_未分类,
6290,学习/_未分类,火山引擎 小龙虾
6439,学习/_未分类,提升自己
6819,学习/_未分类,翻墙软件VIP 3个月（到期：2026-09-21）
87,宠物/_未分类,
94,宠物/_未分类,
134,宠物/_未分类,猫零食
257,宠物/_未分类,猫粮
335,宠物/_未分类,猫粮
388,宠物/_未分类,猫薄荷
424,宠物/_未分类,
569,宠物/_未分类,猫粮
605,宠物/_未分类,猫盆
626,宠物/_未分类,猫粮和灯
709,宠物/_未分类,猫砂
732,宠物/_未分类,猫洗澡用品
748,宠物/_未分类,
751,宠物/_未分类,驱虫药
760,宠物/_未分类,猫粮
845,宠物/_未分类,猫窝
1053,宠物/_未分类,猫湿粮
1085,宠物/_未分类,猫粮
1129,宠物/_未分类,
1255,宠物/_未分类,
1262,宠物/_未分类,
1345,宠物/_未分类,
1369,宠物/_未分类,南京市江宁区乐贝宠物医院
1376,宠物/_未分类,南京市江宁区乐贝宠物医院
1380,宠物/_未分类,南京市江宁区乐贝宠物医院
1389,宠物/_未分类,
1393,宠物/_未分类,
1570,宠物/_未分类,猫粮
1592,宠物/_未分类,猫粮
1747,宠物/_未分类,
1908,宠物/_未分类,618宠物
2007,宠物/_未分类,
2021,宠物/_未分类,
2027,宠物/_未分类,
2050,宠物/_未分类,水壶
2053,宠物/_未分类,
2057,宠物/_未分类,
2060,宠物/_未分类,
2196,宠物/_未分类,
2205,宠物/_未分类,
2209,宠物/_未分类,
2240,宠物/_未分类,
2253,宠物/_未分类,
2258,宠物/_未分类,猫砂
2261,宠物/_未分类,猫药💊
2292,宠物/_未分类,治病
2332,宠物/_未分类,
2353,宠物/_未分类,
2359,宠物/_未分类,
2416,宠物/_未分类,
2418,宠物/_未分类,
2419,宠物/_未分类,
2454,宠物/_未分类,
2486,宠物/_未分类,猫砂
2506,宠物/_未分类,
2511,宠物/_未分类,猫粮试吃
2591,宠物/_未分类,
2603,宠物/_未分类,
2623,宠物/_未分类,
3052,宠物/_未分类,猫砂
3162,宠物/_未分类,猫砂
3275,宠物/_未分类,猫粮
3354,宠物/_未分类,
3485,宠物/_未分类,
3589,宠物/_未分类,猫咪
3731,宠物/_未分类,美团平台商户
3735,宠物/_未分类,饼干！
3739,宠物/_未分类,猫粮
3938,宠物/_未分类,山姆猫粮
3945,宠物/_未分类,
4234,宠物/_未分类,猫粮
4598,宠物/_未分类,【宏观调控】饼干 明年还活动
4681,宠物/_未分类,饼干
4898,宠物/_未分类,猫粮
5227,宠物/_未分类,
5230,宠物/_未分类,猫砂
5435,宠物/_未分类,猫粮
5824,宠物/_未分类,
6131,宠物/_未分类,
6381,宠物/_未分类,猫砂
6517,宠物/_未分类,猫粮
65,居家/_未分类,水费
66,居家/_未分类,燃气费
104,居家/_未分类,
231,居家/_未分类,
249,居家/_未分类,电费
386,居家/_未分类,房租
519,居家/_未分类,
542,居家/_未分类,电费
702,居家/_未分类,
885,居家/_未分类,电费自动缴费-*晋杰-我家-根据每期出账后自动缴费
896,居家/_未分类,房租
952,居家/_未分类,
1038,居家/_未分类,
1039,居家/_未分类,水费
1213,居家/_未分类,电费自动缴费-*晋杰-我家-根据每期出账后自动缴费
1226,居家/_未分类,
1277,居家/_未分类,乐摩吧
1299,居家/_未分类,添油加醋百货超市
1381,居家/_未分类,电费自动缴费-*晋杰-我家-根据每期出账后自动缴费
1392,居家/_未分类,
1522,居家/_未分类,购好超市
1586,居家/_未分类,电费
1612,居家/_未分类,
1686,居家/_未分类,水费
1687,居家/_未分类,电费
1688,居家/_未分类,燃气费
1780,居家/_未分类,房租
1935,居家/_未分类,房租
1975,居家/_未分类,
1976,居家/_未分类,
2120,居家/_未分类,电费
2147,居家/_未分类,房租
2312,居家/_未分类,租金
2380,居家/_未分类,水费
2432,居家/_未分类,电费
2458,居家/_未分类,
2480,居家/_未分类,燃气费
2520,居家/_未分类,电费
2552,居家/_未分类,
2569,居家/_未分类,水费
2575,居家/_未分类,
2671,居家/_未分类,
2695,居家/_未分类,电费
2733,居家/_未分类,取暖器
2817,居家/_未分类,华润万家有限公司
2842,居家/_未分类,
2843,居家/_未分类,
2855,居家/_未分类,
2856,居家/_未分类,
2863,居家/_未分类,
2987,居家/_未分类,电费
3011,居家/_未分类,
3014,居家/_未分类,
3054,居家/_未分类,购好超市
3157,居家/_未分类,
3167,居家/_未分类,电费
3168,居家/_未分类,电费
3180,居家/_未分类,悟空
3318,居家/_未分类,电费
3376,居家/_未分类,
3401,居家/_未分类,
3463,居家/_未分类,尊享·轻居(深圳福田会展中心岗厦（**坚）
3515,居家/_未分类,未来住宿
3521,居家/_未分类,水费
3522,居家/_未分类,电费
3585,居家/_未分类,钥匙
3624,居家/_未分类,水费
3629,居家/_未分类,电费
3658,居家/_未分类,未来住宿
3673,居家/_未分类,家家乐超市宏图店
3710,居家/_未分类,利息
3711,居家/_未分类,利息
3752,居家/_未分类,家政打扫消耗品
3757,居家/_未分类,桌子
3759,居家/_未分类,搬家推车
3761,居家/_未分类,美团家政清洁
3762,居家/_未分类,燃气费
3767,居家/_未分类,搬家
3773,居家/_未分类,提现
3796,居家/_未分类,luckincoffee
3799,居家/_未分类,电费
3813,居家/_未分类,Costco开市客
3833,居家/_未分类,
3895,居家/_未分类,水费
3933,居家/_未分类,燃气费
3934,居家/_未分类,电费
3943,居家/_未分类,
4050,居家/_未分类,燃气
4084,居家/_未分类,电费
4107,居家/_未分类,房租
4142,居家/_未分类,
4178,居家/_未分类,水费
4235,居家/_未分类,电费
4259,居家/_未分类,燃气费
4263,居家/_未分类,
4279,居家/_未分类,沃尔玛（中国）投资有限公司
4280,居家/_未分类,南京雨花台山姆会员商店
4282,居家/_未分类,山姆会员
4328,居家/_未分类,南京龙湖天街江宁店B1
4339,居家/_未分类,好又多超市
4360,居家/_未分类,过年食物和装饰
4377,居家/_未分类,水费
4403,居家/_未分类,电费
4415,居家/_未分类,净化水
4442,居家/_未分类,
4601,居家/_未分类,
4649,居家/_未分类,
4671,居家/_未分类,
4672,居家/_未分类,电费
4712,居家/_未分类,水费
4750,居家/_未分类,电费
4751,居家/_未分类,
4798,居家/_未分类,疏通下水道
4910,居家/_未分类,
4954,居家/_未分类,燃气费
4955,居家/_未分类,水费
4956,居家/_未分类,电费
5004,居家/_未分类,日照 住宿
5077,居家/_未分类,电费
5091,居家/_未分类,
5202,居家/_未分类,燃气费
5215,居家/_未分类,
5269,居家/_未分类,电费
5272,居家/_未分类,厨房灯泡
5277,居家/_未分类,卧室灯泡
5278,居家/_未分类,灯开关
5306,居家/_未分类,水费
5308,居家/_未分类,钥匙
5332,居家/_未分类,租金
5348,居家/_未分类,电费
5436,居家/_未分类,
5462,居家/_未分类,电费
5531,居家/_未分类,电费
5532,居家/_未分类,水费
5593,居家/_未分类,
5628,居家/_未分类,开市客（南京）商业有限公司
5716,居家/_未分类,物业费
5717,居家/_未分类,
5725,居家/_未分类,购好超市
5760,居家/_未分类,购好超市
5801,居家/_未分类,
5817,居家/_未分类,
5826,居家/_未分类,
5827,居家/_未分类,购好超市
5833,居家/_未分类,电费
5851,居家/_未分类,
5865,居家/_未分类,纸箱
5893,居家/_未分类,花花花！
5966,居家/_未分类,水费
5967,居家/_未分类,电费
5968,居家/_未分类,
6078,居家/_未分类,华润万家有限公司
6107,居家/_未分类,电费
6117,居家/_未分类,
6186,居家/_未分类,电费
6245,居家/_未分类,
6252,居家/_未分类,燃气费
6253,居家/_未分类,水费
6254,居家/_未分类,电费
6346,居家/_未分类,
6395,居家/_未分类,水费
6396,居家/_未分类,燃气
6397,居家/_未分类,电费
6452,居家/_未分类,
6490,居家/_未分类,电费
6559,居家/_未分类,
6563,居家/_未分类,电费
6634,居家/_未分类,房租
6635,居家/_未分类,南京供电局
6652,居家/_未分类,淘宝-志高毛球修剪器（¥17.28）
6719,居家/_未分类,京东 - 通下水道疏通器电钻6米+毛巾浴巾套装
6723,居家/_未分类,ALLEADER一水肌酸粉300g
6736,居家/_未分类,南京市皖美生鲜（日用百货）
6738,居家/_未分类,山姆会员商店（日用百货）
6769,居家/_未分类,电费
6770,居家/_未分类,水费（南京）
6771,居家/_未分类,燃气费
6785,居家/_未分类,房租
6793,居家/_未分类,山姆极速达-精切下五花肉约1.9kg
6798,居家/_未分类,物业费
6803,居家/_未分类,山姆会员卡
229,居家/未归类,
385,居家/未归类,
2667,居家/未归类,
2753,居家/未归类,
2754,居家/未归类,
2758,居家/未归类,
2951,居家/未归类,
3061,居家/未归类,
3070,居家/未归类,
3077,居家/未归类,
3078,居家/未归类,
3748,居家/未归类,
262,玩乐/_未分类,
305,玩乐/_未分类,
306,玩乐/_未分类,拉旗
307,玩乐/_未分类,万圣节装饰
391,玩乐/_未分类,魔兽世界wow2
406,玩乐/_未分类,wow
407,玩乐/_未分类,wow
439,玩乐/_未分类,加速器
469,玩乐/_未分类,广播剧
478,玩乐/_未分类,
527,玩乐/_未分类,电影
580,玩乐/_未分类,剧本杀
777,玩乐/_未分类,看电影❤️囍❤️
876,玩乐/_未分类,胡闹搬家2
877,玩乐/_未分类,文明6
904,玩乐/_未分类,qq音乐
943,玩乐/_未分类,lol手游
966,玩乐/_未分类,游戏
1132,玩乐/_未分类,
1147,玩乐/_未分类,游戏lol手游
1181,玩乐/_未分类,
1187,玩乐/_未分类,深圳市腾讯天游科技有限公司
1199,玩乐/_未分类,
1201,玩乐/_未分类,
1241,玩乐/_未分类,电影
1336,玩乐/_未分类,深圳市腾讯天游科技有限公司
1337,玩乐/_未分类,深圳市腾讯天游科技有限公司
1338,玩乐/_未分类,深圳市腾讯天游科技有限公司
1339,玩乐/_未分类,深圳市腾讯天游科技有限公司
1449,玩乐/_未分类,中兴通讯股份有限公司
1479,玩乐/_未分类,
1492,玩乐/_未分类,🎥 孤注一掷
1656,玩乐/_未分类,
1665,玩乐/_未分类,看电影
1723,玩乐/_未分类,看电影
1740,玩乐/_未分类,音乐
1816,玩乐/_未分类,
1854,玩乐/_未分类,
1855,玩乐/_未分类,
2029,玩乐/_未分类,床头架子
2054,玩乐/_未分类,
2101,玩乐/_未分类,
2116,玩乐/_未分类,
2237,玩乐/_未分类,
2238,玩乐/_未分类,
2283,玩乐/_未分类,
2342,玩乐/_未分类,
2343,玩乐/_未分类,
2344,玩乐/_未分类,
2346,玩乐/_未分类,
2363,玩乐/_未分类,
2393,玩乐/_未分类,
2394,玩乐/_未分类,
2397,玩乐/_未分类,
2398,玩乐/_未分类,
2399,玩乐/_未分类,
2402,玩乐/_未分类,
2428,玩乐/_未分类,
2429,玩乐/_未分类,
2431,玩乐/_未分类,
2434,玩乐/_未分类,
2440,玩乐/_未分类,
2445,玩乐/_未分类,
2452,玩乐/_未分类,
2461,玩乐/_未分类,
2462,玩乐/_未分类,
2507,玩乐/_未分类,
2521,玩乐/_未分类,
2525,玩乐/_未分类,
2529,玩乐/_未分类,
2532,玩乐/_未分类,
2533,玩乐/_未分类,
2536,玩乐/_未分类,
2538,玩乐/_未分类,
2553,玩乐/_未分类,
2557,玩乐/_未分类,
2590,玩乐/_未分类,
2618,玩乐/_未分类,电影🎬
2621,玩乐/_未分类,电影
2622,玩乐/_未分类,电影票
2644,玩乐/_未分类,
2654,玩乐/_未分类,
2684,玩乐/_未分类,
2752,玩乐/_未分类,深圳市腾讯天游科技有限公司
2774,玩乐/_未分类,优酷信息技术（北京）有限公司
2810,玩乐/_未分类,深圳市腾讯天游科技有限公司
2949,玩乐/_未分类,bilibili
3064,玩乐/_未分类,qq音乐。晕了
3228,玩乐/_未分类,深圳市腾讯天游科技有限公司
3263,玩乐/_未分类,深圳市腾讯天游科技有限公司
3272,玩乐/_未分类,qq音乐
3295,玩乐/_未分类,剧本杀 待椒麻鸡诡计患者｜斩首｜同归确认收款
3358,玩乐/_未分类,柯南
3388,玩乐/_未分类,待&雷雨（苟且偷生版）确认收款
3420,玩乐/_未分类,剧本杀
3441,玩乐/_未分类,电影🎬
3477,玩乐/_未分类,
3543,玩乐/_未分类,
3586,玩乐/_未分类,签约开通处理中
3652,玩乐/_未分类,深圳市腾讯计算机系统有限公司
3886,玩乐/_未分类,腾讯视频
3926,玩乐/_未分类,深圳市腾讯天游科技有限公司
3951,玩乐/_未分类,签约开通处理中
3954,玩乐/_未分类,杭州笨拙网络科技有限公司
3960,玩乐/_未分类,
3972,玩乐/_未分类,深圳市腾讯天游科技有限公司
4020,玩乐/_未分类,深圳市腾讯天游科技有限公司
4023,玩乐/_未分类,充值服务
4047,玩乐/_未分类,tx视频
4110,玩乐/_未分类,深圳市腾讯天游科技有限公司
4124,玩乐/_未分类,深圳市腾讯天游科技有限公司
4127,玩乐/_未分类,星露谷物语
4181,玩乐/_未分类,万达电影
4254,玩乐/_未分类,深圳市腾讯天游科技有限公司
4288,玩乐/_未分类,腾讯视频VIP(为微信账号购买)
4291,玩乐/_未分类,深圳市腾讯计算机系统有限公司
4312,玩乐/_未分类,深圳市腾讯天游科技有限公司
4313,玩乐/_未分类,深圳市腾讯天游科技有限公司
4314,玩乐/_未分类,深圳市腾讯天游科技有限公司
4316,玩乐/_未分类,南京龙湖天街龙湾店4F
4320,玩乐/_未分类,深圳市腾讯天游科技有限公司
4322,玩乐/_未分类,电影
4331,玩乐/_未分类,美团平台商户
4335,玩乐/_未分类,深圳市腾讯天游科技有限公司
4337,玩乐/_未分类,南京鸡鸣寺
4340,玩乐/_未分类,
4373,玩乐/_未分类,【宏观调控，明年还】游戏充值
4387,玩乐/_未分类,充值服务
4388,玩乐/_未分类,充值服务
4397,玩乐/_未分类,充值服务
4398,玩乐/_未分类,充值服务
4399,玩乐/_未分类,充值服务
4400,玩乐/_未分类,充值服务
4413,玩乐/_未分类,
4417,玩乐/_未分类,深圳市腾讯计算机系统有限公司
4503,玩乐/_未分类,tx
4648,玩乐/_未分类,游戏
4663,玩乐/_未分类,爱奇艺
4676,玩乐/_未分类,
4705,玩乐/_未分类,游戏
4714,玩乐/_未分类,游戏账号
4738,玩乐/_未分类,tft pbe
4761,玩乐/_未分类,
4803,玩乐/_未分类,爱奇艺
4906,玩乐/_未分类,金铲铲
4914,玩乐/_未分类,
4921,玩乐/_未分类,玩游戏
4922,玩乐/_未分类,
4963,玩乐/_未分类,翻墙
4971,玩乐/_未分类,海上玩
4972,玩乐/_未分类,
4981,玩乐/_未分类,
4986,玩乐/_未分类,寄宿
4998,玩乐/_未分类,
5038,玩乐/_未分类,
5062,玩乐/_未分类,
5090,玩乐/_未分类,
5103,玩乐/_未分类,电脑游戏
5237,玩乐/_未分类,
5241,玩乐/_未分类,
5252,玩乐/_未分类,
5264,玩乐/_未分类,
5290,玩乐/_未分类,优酷
5358,玩乐/_未分类,
5417,玩乐/_未分类,电影
5548,玩乐/_未分类,
5605,玩乐/_未分类,
5606,玩乐/_未分类,
5616,玩乐/_未分类,
5625,玩乐/_未分类,
5626,玩乐/_未分类,暴雪游戏
5630,玩乐/_未分类,网鱼网咖
5631,玩乐/_未分类,网鱼网咖
5637,玩乐/_未分类,*文杰
5689,玩乐/_未分类,网鱼网咖
5693,玩乐/_未分类,游戏代练
5694,玩乐/_未分类,魔兽世界PVP
5722,玩乐/_未分类,网鱼网咖
5723,玩乐/_未分类,网鱼网咖
5742,玩乐/_未分类,网鱼网咖
5752,玩乐/_未分类,
5755,玩乐/_未分类,网鱼网咖
5771,玩乐/_未分类,
5772,玩乐/_未分类,
5779,玩乐/_未分类,
5796,玩乐/_未分类,
5814,玩乐/_未分类,
5816,玩乐/_未分类,
5818,玩乐/_未分类,网鱼网咖
5852,玩乐/_未分类,
5876,玩乐/_未分类,
6061,玩乐/_未分类,上海宽娱
6179,玩乐/_未分类,美团
6198,玩乐/_未分类,看电影
6313,玩乐/_未分类,
6327,玩乐/_未分类,
6406,玩乐/_未分类,
6453,玩乐/_未分类,看电影
6491,玩乐/_未分类,自动续费 爱奇艺
6499,玩乐/_未分类,
6501,玩乐/_未分类,
6518,玩乐/_未分类,
6548,玩乐/_未分类,
6549,玩乐/_未分类,
6573,玩乐/_未分类,翻墙
6828,玩乐/_未分类,《四渡》电影票 IDA影城 和女朋友
6832,玩乐/_未分类,乐享健身健身卡（2026/7/10-2028/11/10，共28个月，含额外3个月）
2721,社交/_未分类,
2730,社交/_未分类,
2735,社交/_未分类,甜点
2744,社交/_未分类,
2759,社交/_未分类,
2761,社交/_未分类,自助
2784,社交/_未分类,美团一起吃海肠饭
2789,社交/_未分类,红包
2792,社交/_未分类,
2798,社交/_未分类,深圳市腾讯天游科技有限公司
2799,社交/_未分类,深圳市腾讯天游科技有限公司
2800,社交/_未分类,深圳市腾讯天游科技有限公司
2829,社交/_未分类,
2833,社交/_未分类,
2834,社交/_未分类,
2838,社交/_未分类,搬家
2839,社交/_未分类,搬家
2865,社交/_未分类,山姆
2866,社交/_未分类,
2868,社交/_未分类,美团
2881,社交/_未分类,待37度的晨光❤️确认收款
2882,社交/_未分类,待37度的晨光❤️确认收款
2892,社交/_未分类,山姆会员商店
2920,社交/_未分类,洋洋 市井老南京菜 11.20-中午晚上都可以
2931,社交/_未分类,洋洋 蛋糕
2946,社交/_未分类,欢乐谷
2962,社交/_未分类,洋洋 luck
2969,社交/_未分类,洋洋 美式烤肉
2991,社交/_未分类,洋洋 打车费
3003,社交/_未分类,洋洋 红包🧧
3041,社交/_未分类,欢乐谷
3051,社交/_未分类,洋洋 烤肉 10.28-凌晨2点
3060,社交/_未分类,土耳其菜 24-全天-上海路站到新街口附近
3066,社交/_未分类,洋洋 128 21-中午-预约-4号线龙江站
3086,社交/_未分类,洋洋 美食 24-中午和晚上8.30-预约-奥体中心
3091,社交/_未分类,金陵图书馆 bistro 24-20.30-莫愁湖站-晚上8.30关门
3101,社交/_未分类,洋洋 大明王朝南京菜 21-全天-老门东
3114,社交/_未分类,红包🧧
3115,社交/_未分类,健身两人组 霸碗盖码饭
3123,社交/_未分类,洋洋 美食 中餐 15-中午-上海路站附近
3127,社交/_未分类,洋洋 羊肉火锅 21-16点到凌晨1点-莫愁湖站附近
3140,社交/_未分类,洋洋 藏餐
3229,社交/_未分类,洋洋 禾院
3237,社交/_未分类,两人 霸碗盖码饭
3238,社交/_未分类,三人组
3240,社交/_未分类,洋洋 鸡煲
3243,社交/_未分类,战斗民族
3252,社交/_未分类,洋洋 瑞幸
3259,社交/_未分类,洋洋 融合小菜
3270,社交/_未分类,洋洋 茶冰厅
3277,社交/_未分类,弥勒佛
3279,社交/_未分类,
3280,社交/_未分类,洋洋 奶茶
3281,社交/_未分类,健身 两人组
3284,社交/_未分类,洋洋 奶茶
3285,社交/_未分类,健身三人组 喝水
3293,社交/_未分类,洋洋 蟹黄面
3294,社交/_未分类,
3299,社交/_未分类,洋洋 羊蝎子
3309,社交/_未分类,石锅拌饭南京弘阳店
3315,社交/_未分类,洋洋 饭
3316,社交/_未分类,高嗲嗲现炒下饭菜
3317,社交/_未分类,洋洋 饭饭
3335,社交/_未分类,云贵川
3350,社交/_未分类,18号酒馆（COCOPark店）
3352,社交/_未分类,帅文相处
3378,社交/_未分类,七夕小礼物，涩涩
3379,社交/_未分类,苏浩 饮品
3380,社交/_未分类,苏浩 脱口秀
3381,社交/_未分类,苏浩 吃饭
3382,社交/_未分类,苏浩 ps5
3394,社交/_未分类,中兴通讯公益基金会
3396,社交/_未分类,裴健 生日小礼物 蛋糕🍰
3476,社交/_未分类,挽回她
3502,社交/_未分类,恋爱记vip-搞笑
5184,社交/_未分类,衣服礼物
5187,社交/_未分类,衣服礼物
5686,社交/_未分类,
5933,社交/_未分类,美团
5939,社交/_未分类,恐龙园
5940,社交/_未分类,交通
5952,社交/_未分类,
5958,社交/_未分类,
5972,社交/_未分类,深圳市腾讯天游科技有限公司
5974,社交/_未分类,情人节
6004,社交/_未分类,霸王茶姬
6007,社交/_未分类,披萨
6017,社交/_未分类,
6028,社交/_未分类,晚饭
6029,社交/_未分类,待37度的晨光确认收款
6055,社交/_未分类,
6101,社交/_未分类,
6128,社交/_未分类,飞机票
6129,社交/_未分类,飞机票
6176,社交/_未分类,杨川记燃面·钵钵鸡（复地店）
6180,社交/_未分类,
6181,社交/_未分类,药品
6183,社交/_未分类,
6700,社交/_未分类,山姆给家里买的礼物
1912,穿着/_未分类,618鞋子
1940,穿着/_未分类,618 衣服
1941,穿着/_未分类,618 裤子
1945,穿着/_未分类,618 健身头带
1948,穿着/_未分类,618 防晒
2020,穿着/_未分类,健身衣服
2037,穿着/_未分类,健身上衣
2038,穿着/_未分类,健身手套
2045,穿着/_未分类,
2241,穿着/_未分类,
2246,穿着/_未分类,aj1
2259,穿着/_未分类,nike鞋子
2262,穿着/_未分类,衣服
3083,穿着/_未分类,衣服&裤子
3084,穿着/_未分类,衣服
3231,穿着/_未分类,理发
3404,穿着/_未分类,鞋子
3415,穿着/_未分类,背包
3416,穿着/_未分类,裤子
3443,穿着/_未分类,衣服
3444,穿着/_未分类,帽子
3445,穿着/_未分类,裤子 泼墨
3446,穿着/_未分类,衣服1 tshirt
3931,穿着/_未分类,
4809,穿着/_未分类,眼镜
4966,穿着/_未分类,男士内裤
4967,穿着/_未分类,吹风机
5010,穿着/_未分类,雨衣
5019,穿着/_未分类,拖鞋 2
5176,穿着/_未分类,沙滩衣服 裤子
5183,穿着/_未分类,夏日短裤
5185,穿着/_未分类,衣服
5186,穿着/_未分类,自己衣服
5188,穿着/_未分类,三件套衣服
5282,穿着/_未分类,眼镜
5339,穿着/_未分类,裤子
5428,穿着/_未分类,鞋子
5482,穿着/_未分类,内衣洗衣机
5502,穿着/_未分类,防晒服
5623,穿着/_未分类,打底裤
5671,穿着/_未分类,衣服裤子
5823,穿着/_未分类,
5825,穿着/_未分类,
6389,穿着/_未分类,眼镜框
6481,穿着/_未分类,轻薄羽绒服
698,穿着/洗护/_未分类,理发
2765,穿着/洗护/_未分类,发艺社美发店 理发
3982,穿着/洗护/_未分类,理发原价40
4402,穿着/洗护/_未分类,理发
5427,穿着/洗护/_未分类,理发
5519,穿着/洗护/_未分类,洗面奶 洗澡巾
5853,穿着/洗护/_未分类,发艺社美发店
6710,穿着/洗护/_未分类,理发
1,餐饮/_未分类,
3,餐饮/_未分类,
4,餐饮/_未分类,
5,餐饮/_未分类,坚果
7,餐饮/_未分类,
8,餐饮/_未分类,
9,餐饮/_未分类,
10,餐饮/_未分类,
11,餐饮/_未分类,
14,餐饮/_未分类,
17,餐饮/_未分类,
18,餐饮/_未分类,
19,餐饮/_未分类,
20,餐饮/_未分类,
21,餐饮/_未分类,
24,餐饮/_未分类,
25,餐饮/_未分类,
26,餐饮/_未分类,
27,餐饮/_未分类,
28,餐饮/_未分类,
29,餐饮/_未分类,
30,餐饮/_未分类,
31,餐饮/_未分类,
32,餐饮/_未分类,
33,餐饮/_未分类,
36,餐饮/_未分类,
37,餐饮/_未分类,
38,餐饮/_未分类,
39,餐饮/_未分类,
40,餐饮/_未分类,
41,餐饮/_未分类,
42,餐饮/_未分类,
43,餐饮/_未分类,
44,餐饮/_未分类,
46,餐饮/_未分类,
47,餐饮/_未分类,
49,餐饮/_未分类,
50,餐饮/_未分类,
53,餐饮/_未分类,
54,餐饮/_未分类,
56,餐饮/_未分类,
57,餐饮/_未分类,
58,餐饮/_未分类,酸奶油
59,餐饮/_未分类,2kg 奶油奶酪
61,餐饮/_未分类,自助餐
64,餐饮/_未分类,淘宝
68,餐饮/_未分类,
69,餐饮/_未分类,
71,餐饮/_未分类,
72,餐饮/_未分类,
73,餐饮/_未分类,
74,餐饮/_未分类,
75,餐饮/_未分类,
76,餐饮/_未分类,
77,餐饮/_未分类,
78,餐饮/_未分类,
79,餐饮/_未分类,
82,餐饮/_未分类,
83,餐饮/_未分类,
85,餐饮/_未分类,
86,餐饮/_未分类,双十二
88,餐饮/_未分类,
89,餐饮/_未分类,
91,餐饮/_未分类,
96,餐饮/_未分类,
97,餐饮/_未分类,
99,餐饮/_未分类,
100,餐饮/_未分类,
101,餐饮/_未分类,
106,餐饮/_未分类,
107,餐饮/_未分类,
108,餐饮/_未分类,花生酱
111,餐饮/_未分类,
112,餐饮/_未分类,
115,餐饮/_未分类,
118,餐饮/_未分类,
119,餐饮/_未分类,淘宝
120,餐饮/_未分类,
121,餐饮/_未分类,三黄鸡
123,餐饮/_未分类,
124,餐饮/_未分类,
126,餐饮/_未分类,零食
127,餐饮/_未分类,嘴馋
128,餐饮/_未分类,意大利匈牙利西班牙萨拉米香肠
136,餐饮/_未分类,鸡蛋
137,餐饮/_未分类,
138,餐饮/_未分类,
139,餐饮/_未分类,
143,餐饮/_未分类,
144,餐饮/_未分类,
145,餐饮/_未分类,
146,餐饮/_未分类,
147,餐饮/_未分类,
148,餐饮/_未分类,
149,餐饮/_未分类,
150,餐饮/_未分类,
151,餐饮/_未分类,
152,餐饮/_未分类,
158,餐饮/_未分类,
159,餐饮/_未分类,
160,餐饮/_未分类,土耳其中风风格物品
162,餐饮/_未分类,
163,餐饮/_未分类,
164,餐饮/_未分类,
165,餐饮/_未分类,
166,餐饮/_未分类,
167,餐饮/_未分类,
168,餐饮/_未分类,
169,餐饮/_未分类,
170,餐饮/_未分类,水
171,餐饮/_未分类,
172,餐饮/_未分类,买菜
174,餐饮/_未分类,
175,餐饮/_未分类,
176,餐饮/_未分类,
177,餐饮/_未分类,水
178,餐饮/_未分类,
180,餐饮/_未分类,
181,餐饮/_未分类,外卖😅
183,餐饮/_未分类,
185,餐饮/_未分类,
186,餐饮/_未分类,
187,餐饮/_未分类,
188,餐饮/_未分类,
189,餐饮/_未分类,
191,餐饮/_未分类,
192,餐饮/_未分类,
193,餐饮/_未分类,
194,餐饮/_未分类,
195,餐饮/_未分类,
196,餐饮/_未分类,
197,餐饮/_未分类,
198,餐饮/_未分类,饮料
199,餐饮/_未分类,
201,餐饮/_未分类,
210,餐饮/_未分类,
211,餐饮/_未分类,
212,餐饮/_未分类,
213,餐饮/_未分类,
215,餐饮/_未分类,
217,餐饮/_未分类,
218,餐饮/_未分类,
219,餐饮/_未分类,
220,餐饮/_未分类,
223,餐饮/_未分类,
224,餐饮/_未分类,
226,餐饮/_未分类,
227,餐饮/_未分类,双十一
232,餐饮/_未分类,
233,餐饮/_未分类,
234,餐饮/_未分类,
235,餐饮/_未分类,
236,餐饮/_未分类,
237,餐饮/_未分类,
238,餐饮/_未分类,
239,餐饮/_未分类,
241,餐饮/_未分类,
243,餐饮/_未分类,
244,餐饮/_未分类,
245,餐饮/_未分类,
246,餐饮/_未分类,
248,餐饮/_未分类,
250,餐饮/_未分类,
252,餐饮/_未分类,
253,餐饮/_未分类,
254,餐饮/_未分类,
255,餐饮/_未分类,
258,餐饮/_未分类,双十一酒
259,餐饮/_未分类,
260,餐饮/_未分类,
261,餐饮/_未分类,
264,餐饮/_未分类,
265,餐饮/_未分类,
268,餐饮/_未分类,双十一
271,餐饮/_未分类,双十一购物
272,餐饮/_未分类,
273,餐饮/_未分类,
275,餐饮/_未分类,可乐
276,餐饮/_未分类,
277,餐饮/_未分类,淡奶油
278,餐饮/_未分类,双十一淡奶油
279,餐饮/_未分类,节日蛋糕！
281,餐饮/_未分类,
282,餐饮/_未分类,
283,餐饮/_未分类,
286,餐饮/_未分类,
287,餐饮/_未分类,
288,餐饮/_未分类,
291,餐饮/_未分类,
293,餐饮/_未分类,
294,餐饮/_未分类,
295,餐饮/_未分类,
296,餐饮/_未分类,双十一预售
297,餐饮/_未分类,双十一预购款
299,餐饮/_未分类,
300,餐饮/_未分类,
302,餐饮/_未分类,
303,餐饮/_未分类,
304,餐饮/_未分类,
308,餐饮/_未分类,
309,餐饮/_未分类,
310,餐饮/_未分类,
311,餐饮/_未分类,
312,餐饮/_未分类,
313,餐饮/_未分类,食材
314,餐饮/_未分类,
315,餐饮/_未分类,无糖可乐
317,餐饮/_未分类,火腿肠
321,餐饮/_未分类,咖啡
322,餐饮/_未分类,
323,餐饮/_未分类,
324,餐饮/_未分类,
325,餐饮/_未分类,
326,餐饮/_未分类,
327,餐饮/_未分类,椰浆
328,餐饮/_未分类,
329,餐饮/_未分类,
330,餐饮/_未分类,
331,餐饮/_未分类,牛排
332,餐饮/_未分类,
333,餐饮/_未分类,咖啡
336,餐饮/_未分类,
337,餐饮/_未分类,
340,餐饮/_未分类,早饭
341,餐饮/_未分类,
342,餐饮/_未分类,
343,餐饮/_未分类,咖啡
344,餐饮/_未分类,
345,餐饮/_未分类,
346,餐饮/_未分类,椰云拿铁
349,餐饮/_未分类,
351,餐饮/_未分类,
352,餐饮/_未分类,
354,餐饮/_未分类,
356,餐饮/_未分类,
360,餐饮/_未分类,
361,餐饮/_未分类,
362,餐饮/_未分类,
363,餐饮/_未分类,
366,餐饮/_未分类,
367,餐饮/_未分类,黄焖鸡
368,餐饮/_未分类,
369,餐饮/_未分类,
371,餐饮/_未分类,
372,餐饮/_未分类,
373,餐饮/_未分类,
374,餐饮/_未分类,
376,餐饮/_未分类,
377,餐饮/_未分类,
380,餐饮/_未分类,
381,餐饮/_未分类,
384,餐饮/_未分类,
389,餐饮/_未分类,咖啡
390,餐饮/_未分类,
393,餐饮/_未分类,
394,餐饮/_未分类,
397,餐饮/_未分类,
399,餐饮/_未分类,
400,餐饮/_未分类,
401,餐饮/_未分类,
402,餐饮/_未分类,
403,餐饮/_未分类,
405,餐饮/_未分类,
409,餐饮/_未分类,
410,餐饮/_未分类,水
411,餐饮/_未分类,
412,餐饮/_未分类,
413,餐饮/_未分类,
417,餐饮/_未分类,
418,餐饮/_未分类,
420,餐饮/_未分类,
421,餐饮/_未分类,
422,餐饮/_未分类,
428,餐饮/_未分类,
431,餐饮/_未分类,饭卡
432,餐饮/_未分类,芝士
435,餐饮/_未分类,
436,餐饮/_未分类,
437,餐饮/_未分类,三文鱼
438,餐饮/_未分类,
444,餐饮/_未分类,
445,餐饮/_未分类,
447,餐饮/_未分类,
448,餐饮/_未分类,饭卡
449,餐饮/_未分类,
450,餐饮/_未分类,
451,餐饮/_未分类,
452,餐饮/_未分类,
453,餐饮/_未分类,
455,餐饮/_未分类,
457,餐饮/_未分类,
458,餐饮/_未分类,
459,餐饮/_未分类,
461,餐饮/_未分类,
462,餐饮/_未分类,炒饭
463,餐饮/_未分类,
467,餐饮/_未分类,
468,餐饮/_未分类,
470,餐饮/_未分类,
471,餐饮/_未分类,
472,餐饮/_未分类,
473,餐饮/_未分类,鸡蛋肉丝炒面
476,餐饮/_未分类,
477,餐饮/_未分类,
479,餐饮/_未分类,
480,餐饮/_未分类,
481,餐饮/_未分类,
482,餐饮/_未分类,
483,餐饮/_未分类,
484,餐饮/_未分类,
485,餐饮/_未分类,冰淇淋
487,餐饮/_未分类,
488,餐饮/_未分类,
489,餐饮/_未分类,
490,餐饮/_未分类,
491,餐饮/_未分类,
492,餐饮/_未分类,
495,餐饮/_未分类,
496,餐饮/_未分类,
497,餐饮/_未分类,
501,餐饮/_未分类,
504,餐饮/_未分类,
506,餐饮/_未分类,
507,餐饮/_未分类,
508,餐饮/_未分类,
510,餐饮/_未分类,
511,餐饮/_未分类,
513,餐饮/_未分类,
514,餐饮/_未分类,
517,餐饮/_未分类,
518,餐饮/_未分类,
525,餐饮/_未分类,水
526,餐饮/_未分类,
528,餐饮/_未分类,
530,餐饮/_未分类,
531,餐饮/_未分类,自助
532,餐饮/_未分类,
533,餐饮/_未分类,
534,餐饮/_未分类,
536,餐饮/_未分类,
537,餐饮/_未分类,
538,餐饮/_未分类,
539,餐饮/_未分类,
540,餐饮/_未分类,饮料
543,餐饮/_未分类,
544,餐饮/_未分类,
546,餐饮/_未分类,
547,餐饮/_未分类,
548,餐饮/_未分类,
551,餐饮/_未分类,
552,餐饮/_未分类,
553,餐饮/_未分类,
554,餐饮/_未分类,
556,餐饮/_未分类,
557,餐饮/_未分类,
558,餐饮/_未分类,
559,餐饮/_未分类,格拉条
560,餐饮/_未分类,
561,餐饮/_未分类,
562,餐饮/_未分类,包子
563,餐饮/_未分类,
564,餐饮/_未分类,
565,餐饮/_未分类,
566,餐饮/_未分类,自助
570,餐饮/_未分类,
571,餐饮/_未分类,
573,餐饮/_未分类,食物
575,餐饮/_未分类,
576,餐饮/_未分类,
577,餐饮/_未分类,
581,餐饮/_未分类,调味品
583,餐饮/_未分类,食物
584,餐饮/_未分类,大米
586,餐饮/_未分类,自助餐
589,餐饮/_未分类,开心果
590,餐饮/_未分类,
591,餐饮/_未分类,兰州炒饭
592,餐饮/_未分类,红牛
594,餐饮/_未分类,汉堡
595,餐饮/_未分类,羽衣甘蓝 食材
597,餐饮/_未分类,买菜
598,餐饮/_未分类,饮料
600,餐饮/_未分类,薄荷 白砂糖
601,餐饮/_未分类,可乐
603,餐饮/_未分类,
606,餐饮/_未分类,
607,餐饮/_未分类,料酒
609,餐饮/_未分类,打奶泡
610,餐饮/_未分类,
613,餐饮/_未分类,奶茶
614,餐饮/_未分类,食材
615,餐饮/_未分类,食材
616,餐饮/_未分类,
617,餐饮/_未分类,红牛
619,餐饮/_未分类,食材
620,餐饮/_未分类,冰红茶
627,餐饮/_未分类,食材
628,餐饮/_未分类,食材
629,餐饮/_未分类,停车
632,餐饮/_未分类,
634,餐饮/_未分类,51.45的食材哈哈哈
635,餐饮/_未分类,包子
636,餐饮/_未分类,水
640,餐饮/_未分类,午饭
641,餐饮/_未分类,食材
643,餐饮/_未分类,8.8食物和日用品
644,餐饮/_未分类,红牛
645,餐饮/_未分类,食材，大虾，芽苗，盘子，灯
648,餐饮/_未分类,红牛
650,餐饮/_未分类,
651,餐饮/_未分类,食材
652,餐饮/_未分类,食材
653,餐饮/_未分类,蔬菜
654,餐饮/_未分类,蛋黄酱
655,餐饮/_未分类,火腿
656,餐饮/_未分类,省钱卡
657,餐饮/_未分类,茶叶蛋
661,餐饮/_未分类,可乐
662,餐饮/_未分类,冰淇淋
663,餐饮/_未分类,食材
664,餐饮/_未分类,
665,餐饮/_未分类,
668,餐饮/_未分类,食材 欢迎弟弟
669,餐饮/_未分类,红牛
670,餐饮/_未分类,
672,餐饮/_未分类,
673,餐饮/_未分类,青红椒和饮料
674,餐饮/_未分类,
677,餐饮/_未分类,
682,餐饮/_未分类,买菜
683,餐饮/_未分类,买菜
684,餐饮/_未分类,午饭
686,餐饮/_未分类,食材和给猫去油膏
687,餐饮/_未分类,食材和可乐
688,餐饮/_未分类,帕玛森芝士干酪粉
690,餐饮/_未分类,食材
692,餐饮/_未分类,买菜
695,餐饮/_未分类,食材
696,餐饮/_未分类,买菜
697,餐饮/_未分类,食材
700,餐饮/_未分类,
711,餐饮/_未分类,披萨蛋挞
712,餐饮/_未分类,
713,餐饮/_未分类,
714,餐饮/_未分类,
715,餐饮/_未分类,
717,餐饮/_未分类,红牛
718,餐饮/_未分类,买菜
719,餐饮/_未分类,食材
721,餐饮/_未分类,奶油
722,餐饮/_未分类,米粉
723,餐饮/_未分类,泰式河粉
726,餐饮/_未分类,饮料和食材
727,餐饮/_未分类,杭椒 胡萝卜
728,餐饮/_未分类,泰国酱料
730,餐饮/_未分类,蘑菇🍄
731,餐饮/_未分类,食材
733,餐饮/_未分类,食材
736,餐饮/_未分类,食材
740,餐饮/_未分类,饮料和食材
741,餐饮/_未分类,饮料和食材
743,餐饮/_未分类,泰式调味料
746,餐饮/_未分类,泰国茄子
747,餐饮/_未分类,调味料
752,餐饮/_未分类,调味料
753,餐饮/_未分类,泰式菜材料
771,餐饮/_未分类,知雅楼餐厅
772,餐饮/_未分类,丫头迷（**梅）
773,餐饮/_未分类,丫头迷（**梅）
774,餐饮/_未分类,美团 12张劵
783,餐饮/_未分类,自助
785,餐饮/_未分类,安年庆馄饨
802,餐饮/_未分类,披萨
805,餐饮/_未分类,
813,餐饮/_未分类,安年庆馄饨
825,餐饮/_未分类,安年庆馄饨
826,餐饮/_未分类,美团
827,餐饮/_未分类,
828,餐饮/_未分类,
829,餐饮/_未分类,
830,餐饮/_未分类,美团
831,餐饮/_未分类,【京东超市】
832,餐饮/_未分类,独头蒜1000g
837,餐饮/_未分类,奶油
839,餐饮/_未分类,特级初榨橄榄油
840,餐饮/_未分类,坚果
842,餐饮/_未分类,帕玛森芝士
843,餐饮/_未分类,南京龙娃送水
847,餐饮/_未分类,【777天❤️】波士顿龙虾🦞
850,餐饮/_未分类,烘焙 容器，勺子
851,餐饮/_未分类,永辉超市食物
855,餐饮/_未分类,【京东超市】卡2
857,餐饮/_未分类,保宁醋
858,餐饮/_未分类,调料
861,餐饮/_未分类,老陈家豆腐脑东渡青年城店
865,餐饮/_未分类,韩式酱料
873,餐饮/_未分类,恰好
880,餐饮/_未分类,盒马食材
889,餐饮/_未分类,IBERMOSO后腿切片70g
890,餐饮/_未分类,食材
891,餐饮/_未分类,【调控】奶油奶酪，面粉，奶油等
892,餐饮/_未分类,【宏观调控】饮食 甜点
893,餐饮/_未分类,【宏观调控】牛肋条 给妈咪吃哦
894,餐饮/_未分类,【宏观调控】买菜。大润发储备金。
902,餐饮/_未分类,青菜🥬
905,餐饮/_未分类,美团
906,餐饮/_未分类,恰好
907,餐饮/_未分类,香肠两个
909,餐饮/_未分类,香肠
916,餐饮/_未分类,糖葫芦（**芝）
917,餐饮/_未分类,知雅楼餐厅
919,餐饮/_未分类,智咖时代
920,餐饮/_未分类,汉堡王 4个哦
925,餐饮/_未分类,抖音小店腰果
934,餐饮/_未分类,买菜
937,餐饮/_未分类,蜂蜜
938,餐饮/_未分类,买菜包装费
939,餐饮/_未分类,淘鲜达 买菜卡
940,餐饮/_未分类,添油加醋百货超市
942,餐饮/_未分类,
944,餐饮/_未分类,金针菇
947,餐饮/_未分类,黄油和榨菜
948,餐饮/_未分类,芋泥
949,餐饮/_未分类,番茄罐头，芝士奶盖
953,餐饮/_未分类,
954,餐饮/_未分类,中兴通讯股份有限公司
955,餐饮/_未分类,永辉超市南京龙湾龙湖天街店
957,餐饮/_未分类,阜阳格拉条
962,餐饮/_未分类,转账给徐(**红)
963,餐饮/_未分类,蛋挞皮
964,餐饮/_未分类,美团
965,餐饮/_未分类,买菜
969,餐饮/_未分类,甜点
971,餐饮/_未分类,添油加醋百货超市
974,餐饮/_未分类,牛肉
975,餐饮/_未分类,添油加醋百货超市 买菜
977,餐饮/_未分类,牛肋条
979,餐饮/_未分类,
981,餐饮/_未分类,
982,餐饮/_未分类,泡菜和冷面
986,餐饮/_未分类,添油加醋百货超市
989,餐饮/_未分类,
990,餐饮/_未分类,
992,餐饮/_未分类,prime牛横膈膜内裙
995,餐饮/_未分类,智咖时代
999,餐饮/_未分类,牛肋条 生肉
1001,餐饮/_未分类,美团
1003,餐饮/_未分类,美团 省钱卡20张
1007,餐饮/_未分类,添油加醋百货超市
1008,餐饮/_未分类,
1012,餐饮/_未分类,新旺茶餐厅(南京景枫店)
1013,餐饮/_未分类,
1014,餐饮/_未分类,
1015,餐饮/_未分类,
1017,餐饮/_未分类,午饭 面包
1024,餐饮/_未分类,购好超市
1025,餐饮/_未分类,双喜面馆茶都店
1026,餐饮/_未分类,luckincoffee
1027,餐饮/_未分类,无人售货·941313H
1030,餐饮/_未分类,中兴通讯股份有限公司
1031,餐饮/_未分类,智咖时代
1033,餐饮/_未分类,安年庆馄饨
1034,餐饮/_未分类,
1035,餐饮/_未分类,飞琼阁
1041,餐饮/_未分类,口口椰（江宁万达店）
1042,餐饮/_未分类,
1043,餐饮/_未分类,虾1650g
1045,餐饮/_未分类,
1046,餐饮/_未分类,
1049,餐饮/_未分类,
1052,餐饮/_未分类,
1056,餐饮/_未分类,地铁
1058,餐饮/_未分类,
1060,餐饮/_未分类,
1061,餐饮/_未分类,
1062,餐饮/_未分类,
1063,餐饮/_未分类,
1064,餐饮/_未分类,
1065,餐饮/_未分类,
1066,餐饮/_未分类,
1067,餐饮/_未分类,蛋糕。纪念日。
1068,餐饮/_未分类,
1069,餐饮/_未分类,土家菜
1070,餐饮/_未分类,
1071,餐饮/_未分类,智咖时代
1072,餐饮/_未分类,
1073,餐饮/_未分类,好的便利店(好的东渡国际青年城特许店)
1074,餐饮/_未分类,添油加醋百货超市
1080,餐饮/_未分类,
1081,餐饮/_未分类,
1082,餐饮/_未分类,
1084,餐饮/_未分类,
1087,餐饮/_未分类,
1088,餐饮/_未分类,
1091,餐饮/_未分类,中兴通讯股份有限公司
1094,餐饮/_未分类,
1095,餐饮/_未分类,手续费
1096,餐饮/_未分类,纪向东（**东）饺子皮
1098,餐饮/_未分类,
1100,餐饮/_未分类,阿杜热炒
1101,餐饮/_未分类,
1107,餐饮/_未分类,正谊服务区百乐家超市
1108,餐饮/_未分类,江都区仙女镇印南象餐饮店
1109,餐饮/_未分类,阿良便利超市
1110,餐饮/_未分类,待裴健确认收款
1111,餐饮/_未分类,永辉超市南京龙湾龙湖天街店
1112,餐饮/_未分类,
1113,餐饮/_未分类,
1116,餐饮/_未分类,
1117,餐饮/_未分类,
1118,餐饮/_未分类,
1119,餐饮/_未分类,中兴通讯股份有限公司
1120,餐饮/_未分类,天元中路店
1122,餐饮/_未分类,飞琼阁
1123,餐饮/_未分类,中兴通讯股份有限公司
1124,餐饮/_未分类,天元中路店
1126,餐饮/_未分类,
1127,餐饮/_未分类,天元中路店
1128,餐饮/_未分类,
1131,餐饮/_未分类,
1135,餐饮/_未分类,
1136,餐饮/_未分类,曹氏重庆小面
1137,餐饮/_未分类,天元中路店
1138,餐饮/_未分类,安年庆馄饨
1140,餐饮/_未分类,
1141,餐饮/_未分类,
1143,餐饮/_未分类,天元中路店
1144,餐饮/_未分类,
1145,餐饮/_未分类,
1146,餐饮/_未分类,
1148,餐饮/_未分类,
1149,餐饮/_未分类,
1150,餐饮/_未分类,
1152,餐饮/_未分类,天元中路店
1153,餐饮/_未分类,天元中路店
1155,餐饮/_未分类,商户_周亮亮
1156,餐饮/_未分类,南方花园店
1157,餐饮/_未分类,扇贝生蚝馆
1158,餐饮/_未分类,花花花甲
1159,餐饮/_未分类,购好超市
1160,餐饮/_未分类,
1162,餐饮/_未分类,双喜面馆茶都店
1163,餐饮/_未分类,
1164,餐饮/_未分类,中兴通讯股份有限公司
1165,餐饮/_未分类,智咖时代
1166,餐饮/_未分类,中兴通讯股份有限公司
1167,餐饮/_未分类,安年庆馄饨
1169,餐饮/_未分类,
1170,餐饮/_未分类,智咖时代
1171,餐饮/_未分类,中兴通讯股份有限公司
1173,餐饮/_未分类,安年庆馄饨
1174,餐饮/_未分类,
1175,餐饮/_未分类,
1176,餐饮/_未分类,中兴通讯股份有限公司
1177,餐饮/_未分类,自动售货机
1178,餐饮/_未分类,智咖时代
1179,餐饮/_未分类,中兴通讯股份有限公司
1180,餐饮/_未分类,中兴通讯股份有限公司
1182,餐饮/_未分类,
1183,餐饮/_未分类,
1184,餐饮/_未分类,中兴通讯股份有限公司
1186,餐饮/_未分类,luckincoffee
1188,餐饮/_未分类,
1189,餐饮/_未分类,
1190,餐饮/_未分类,中兴通讯股份有限公司
1191,餐饮/_未分类,
1193,餐饮/_未分类,
1194,餐饮/_未分类,
1195,餐饮/_未分类,
1196,餐饮/_未分类,
1197,餐饮/_未分类,
1198,餐饮/_未分类,
1203,餐饮/_未分类,天元中路店
1204,餐饮/_未分类,
1205,餐饮/_未分类,
1206,餐饮/_未分类,
1207,餐饮/_未分类,
1208,餐饮/_未分类,
1209,餐饮/_未分类,
1210,餐饮/_未分类,
1211,餐饮/_未分类,美团平台商户
1212,餐饮/_未分类,美团
1214,餐饮/_未分类,南京宜家家居有限公司
1216,餐饮/_未分类,泰芭斗
1217,餐饮/_未分类,
1221,餐饮/_未分类,俄士厨房（环球港店）
1222,餐饮/_未分类,中铁网络
1223,餐饮/_未分类,
1224,餐饮/_未分类,良友(淡水店)
1230,餐饮/_未分类,
1233,餐饮/_未分类,
1234,餐饮/_未分类,中铁网络
1236,餐饮/_未分类,安年庆馄饨
1237,餐饮/_未分类,
1238,餐饮/_未分类,天元中路店
1240,餐饮/_未分类,自动售货机
1242,餐饮/_未分类,美团
1243,餐饮/_未分类,天元中路店
1244,餐饮/_未分类,
1245,餐饮/_未分类,
1246,餐饮/_未分类,蛋糕🍰🍰🍰🍰🍰
1248,餐饮/_未分类,
1249,餐饮/_未分类,
1250,餐饮/_未分类,
1251,餐饮/_未分类,安年庆馄饨
1252,餐饮/_未分类,中兴通讯股份有限公司
1256,餐饮/_未分类,
1257,餐饮/_未分类,
1258,餐饮/_未分类,
1260,餐饮/_未分类,
1263,餐饮/_未分类,中兴通讯股份有限公司
1264,餐饮/_未分类,饮料
1265,餐饮/_未分类,中兴通讯股份有限公司
1266,餐饮/_未分类,中兴通讯股份有限公司
1267,餐饮/_未分类,
1268,餐饮/_未分类,
1270,餐饮/_未分类,
1281,餐饮/_未分类,中兴通讯股份有限公司
1284,餐饮/_未分类,
1285,餐饮/_未分类,
1286,餐饮/_未分类,添油加醋百货超市
1287,餐饮/_未分类,天元中路店
1288,餐饮/_未分类,好的便利店(好的东渡国际青年城特许店)
1291,餐饮/_未分类,
1292,餐饮/_未分类,
1293,餐饮/_未分类,天元中路店
1294,餐饮/_未分类,天元中路店
1295,餐饮/_未分类,安年庆馄饨
1296,餐饮/_未分类,飞琼阁
1297,餐饮/_未分类,
1298,餐饮/_未分类,
1300,餐饮/_未分类,安年庆馄饨
1301,餐饮/_未分类,飞琼阁
1303,餐饮/_未分类,
1304,餐饮/_未分类,
1305,餐饮/_未分类,
1306,餐饮/_未分类,
1307,餐饮/_未分类,
1309,餐饮/_未分类,
1310,餐饮/_未分类,
1311,餐饮/_未分类,天元中路店
1312,餐饮/_未分类,
1313,餐饮/_未分类,安年庆馄饨
1314,餐饮/_未分类,天元中路店
1315,餐饮/_未分类,
1316,餐饮/_未分类,
1318,餐饮/_未分类,
1319,餐饮/_未分类,
1320,餐饮/_未分类,毛妹皮肚面
1321,餐饮/_未分类,安年庆馄饨
1322,餐饮/_未分类,好的便利店(好的东渡国际青年城特许店)
1323,餐饮/_未分类,
1324,餐饮/_未分类,
1326,餐饮/_未分类,中兴通讯股份有限公司
1327,餐饮/_未分类,
1328,餐饮/_未分类,
1329,餐饮/_未分类,天元中路店
1330,餐饮/_未分类,
1331,餐饮/_未分类,
1332,餐饮/_未分类,
1333,餐饮/_未分类,
1334,餐饮/_未分类,
1335,餐饮/_未分类,
1340,餐饮/_未分类,好的便利店(好的东渡国际青年城特许店)
1341,餐饮/_未分类,天元中路店
1342,餐饮/_未分类,
1343,餐饮/_未分类,
1344,餐饮/_未分类,
1346,餐饮/_未分类,
1347,餐饮/_未分类,
1348,餐饮/_未分类,
1349,餐饮/_未分类,
1350,餐饮/_未分类,
1351,餐饮/_未分类,
1352,餐饮/_未分类,
1353,餐饮/_未分类,添油加醋百货超市
1355,餐饮/_未分类,中兴通讯股份有限公司
1357,餐饮/_未分类,
1358,餐饮/_未分类,天元中路店
1359,餐饮/_未分类,安年庆馄饨
1360,餐饮/_未分类,好的便利店(好的东渡国际青年城特许店)
1361,餐饮/_未分类,
1362,餐饮/_未分类,
1363,餐饮/_未分类,待嗯确认收款
1364,餐饮/_未分类,中兴通讯股份有限公司
1366,餐饮/_未分类,安年庆馄饨
1367,餐饮/_未分类,
1370,餐饮/_未分类,天元中路店
1373,餐饮/_未分类,
1375,餐饮/_未分类,
1377,餐饮/_未分类,安年庆馄饨
1385,餐饮/_未分类,
1386,餐饮/_未分类,
1396,餐饮/_未分类,安年庆馄饨
1397,餐饮/_未分类,
1400,餐饮/_未分类,
1401,餐饮/_未分类,
1404,餐饮/_未分类,天元中路店
1405,餐饮/_未分类,
1407,餐饮/_未分类,
1408,餐饮/_未分类,
1410,餐饮/_未分类,信用卡还款
1411,餐饮/_未分类,江宁区言金源百货店
1412,餐饮/_未分类,江宁区言金源百货店
1413,餐饮/_未分类,江宁区言金源百货店
1414,餐饮/_未分类,江宁区言金源百货店
1415,餐饮/_未分类,江宁区言金源百货店
1417,餐饮/_未分类,南京市江宁医院
1418,餐饮/_未分类,
1423,餐饮/_未分类,天元中路店
1424,餐饮/_未分类,
1428,餐饮/_未分类,天元中路店
1429,餐饮/_未分类,
1432,餐饮/_未分类,
1433,餐饮/_未分类,好的便利店(好的东渡国际青年城特许店)
1434,餐饮/_未分类,
1435,餐饮/_未分类,
1436,餐饮/_未分类,
1437,餐饮/_未分类,天元中路店
1438,餐饮/_未分类,
1439,餐饮/_未分类,
1441,餐饮/_未分类,天元中路店
1442,餐饮/_未分类,
1443,餐饮/_未分类,
1444,餐饮/_未分类,
1446,餐饮/_未分类,
1447,餐饮/_未分类,
1448,餐饮/_未分类,天元中路店
1451,餐饮/_未分类,
1452,餐饮/_未分类,
1453,餐饮/_未分类,
1454,餐饮/_未分类,
1455,餐饮/_未分类,无人售货·941313H
1456,餐饮/_未分类,无人售货·941313H
1457,餐饮/_未分类,无人售货·941313H
1458,餐饮/_未分类,无人售货·941313H
1459,餐饮/_未分类,无人售货·941313H
1460,餐饮/_未分类,无人售货·941313H
1462,餐饮/_未分类,
1465,餐饮/_未分类,
1466,餐饮/_未分类,
1467,餐饮/_未分类,无人售货·941313H
1469,餐饮/_未分类,唐朝
1471,餐饮/_未分类,
1472,餐饮/_未分类,安年庆馄饨
1477,餐饮/_未分类,
1481,餐饮/_未分类,
1484,餐饮/_未分类,安年庆馄饨
1485,餐饮/_未分类,天元中路店
1486,餐饮/_未分类,
1487,餐饮/_未分类,
1488,餐饮/_未分类,
1489,餐饮/_未分类,
1490,餐饮/_未分类,
1491,餐饮/_未分类,天元中路店
1493,餐饮/_未分类,
1494,餐饮/_未分类,
1495,餐饮/_未分类,美团
1496,餐饮/_未分类,
1499,餐饮/_未分类,
1500,餐饮/_未分类,中兴通讯股份有限公司
1503,餐饮/_未分类,
1504,餐饮/_未分类,
1507,餐饮/_未分类,
1509,餐饮/_未分类,飞琼阁
1511,餐饮/_未分类,
1513,餐饮/_未分类,天元中路店
1514,餐饮/_未分类,
1519,餐饮/_未分类,
1521,餐饮/_未分类,好的便利店(好的东渡国际青年城特许店)
1523,餐饮/_未分类,双喜面馆茶都店
1525,餐饮/_未分类,天元中路店
1526,餐饮/_未分类,
1528,餐饮/_未分类,
1529,餐饮/_未分类,
1530,餐饮/_未分类,
1534,餐饮/_未分类,
1535,餐饮/_未分类,
1537,餐饮/_未分类,安年庆馄饨
1538,餐饮/_未分类,
1539,餐饮/_未分类,好的便利店(好的东渡国际青年城特许店)
1540,餐饮/_未分类,中兴通讯股份有限公司
1542,餐饮/_未分类,中兴通讯股份有限公司
1543,餐饮/_未分类,中兴通讯股份有限公司
1545,餐饮/_未分类,安年庆馄饨
1547,餐饮/_未分类,百世邻里义乌店
1548,餐饮/_未分类,
1549,餐饮/_未分类,瓦香鸡米饭
1551,餐饮/_未分类,
1552,餐饮/_未分类,
1553,餐饮/_未分类,
1557,餐饮/_未分类,天元中路店
1558,餐饮/_未分类,
1562,餐饮/_未分类,
1564,餐饮/_未分类,
1566,餐饮/_未分类,安年庆馄饨
1567,餐饮/_未分类,天元中路店
1568,餐饮/_未分类,
1571,餐饮/_未分类,美团
1572,餐饮/_未分类,美团
1573,餐饮/_未分类,
1574,餐饮/_未分类,
1576,餐饮/_未分类,
1578,餐饮/_未分类,天元中路店
1579,餐饮/_未分类,
1580,餐饮/_未分类,天元中路店
1581,餐饮/_未分类,
1582,餐饮/_未分类,面
1588,餐饮/_未分类,天元中路店
1589,餐饮/_未分类,安年庆馄饨
1590,餐饮/_未分类,
1591,餐饮/_未分类,
1597,餐饮/_未分类,
1600,餐饮/_未分类,
1602,餐饮/_未分类,
1603,餐饮/_未分类,
1604,餐饮/_未分类,
1606,餐饮/_未分类,
1614,餐饮/_未分类,
1615,餐饮/_未分类,
1616,餐饮/_未分类,
1617,餐饮/_未分类,
1618,餐饮/_未分类,
1621,餐饮/_未分类,
1624,餐饮/_未分类,
1627,餐饮/_未分类,
1630,餐饮/_未分类,订单金额
1635,餐饮/_未分类,
1636,餐饮/_未分类,
1637,餐饮/_未分类,
1638,餐饮/_未分类,
1640,餐饮/_未分类,
1641,餐饮/_未分类,
1643,餐饮/_未分类,
1645,餐饮/_未分类,
1647,餐饮/_未分类,
1650,餐饮/_未分类,
1652,餐饮/_未分类,
1654,餐饮/_未分类,
1655,餐饮/_未分类,
1658,餐饮/_未分类,
1659,餐饮/_未分类,
1660,餐饮/_未分类,
1661,餐饮/_未分类,
1662,餐饮/_未分类,
1663,餐饮/_未分类,
1664,餐饮/_未分类,
1666,餐饮/_未分类,
1667,餐饮/_未分类,
1668,餐饮/_未分类,
1669,餐饮/_未分类,
1675,餐饮/_未分类,
1677,餐饮/_未分类,
1679,餐饮/_未分类,
1681,餐饮/_未分类,
1683,餐饮/_未分类,
1689,餐饮/_未分类,
1690,餐饮/_未分类,
1692,餐饮/_未分类,
1693,餐饮/_未分类,
1696,餐饮/_未分类,
1698,餐饮/_未分类,
1699,餐饮/_未分类,
1700,餐饮/_未分类,
1702,餐饮/_未分类,
1704,餐饮/_未分类,
1705,餐饮/_未分类,
1709,餐饮/_未分类,
1711,餐饮/_未分类,
1712,餐饮/_未分类,
1715,餐饮/_未分类,
1716,餐饮/_未分类,
1720,餐饮/_未分类,
1721,餐饮/_未分类,
1722,餐饮/_未分类,
1724,餐饮/_未分类,
1725,餐饮/_未分类,
1727,餐饮/_未分类,
1729,餐饮/_未分类,
1730,餐饮/_未分类,
1731,餐饮/_未分类,
1733,餐饮/_未分类,
1735,餐饮/_未分类,
1736,餐饮/_未分类,
1738,餐饮/_未分类,
1742,餐饮/_未分类,
1744,餐饮/_未分类,
1746,餐饮/_未分类,
1750,餐饮/_未分类,
1752,餐饮/_未分类,
1753,餐饮/_未分类,
1758,餐饮/_未分类,
1760,餐饮/_未分类,
1764,餐饮/_未分类,
1765,餐饮/_未分类,
1766,餐饮/_未分类,
1767,餐饮/_未分类,
1768,餐饮/_未分类,
1769,餐饮/_未分类,
1770,餐饮/_未分类,
1771,餐饮/_未分类,
1772,餐饮/_未分类,
1773,餐饮/_未分类,
1774,餐饮/_未分类,
1775,餐饮/_未分类,
1776,餐饮/_未分类,
1777,餐饮/_未分类,
1778,餐饮/_未分类,
1785,餐饮/_未分类,
1786,餐饮/_未分类,
1787,餐饮/_未分类,
1790,餐饮/_未分类,
1791,餐饮/_未分类,
1792,餐饮/_未分类,
1794,餐饮/_未分类,
1796,餐饮/_未分类,
1797,餐饮/_未分类,
1799,餐饮/_未分类,
1800,餐饮/_未分类,
1801,餐饮/_未分类,
1803,餐饮/_未分类,
1804,餐饮/_未分类,
1805,餐饮/_未分类,
1807,餐饮/_未分类,
1808,餐饮/_未分类,
1809,餐饮/_未分类,
1810,餐饮/_未分类,
1811,餐饮/_未分类,
1812,餐饮/_未分类,
1813,餐饮/_未分类,
1814,餐饮/_未分类,
1815,餐饮/_未分类,
1817,餐饮/_未分类,
1818,餐饮/_未分类,
1819,餐饮/_未分类,
1820,餐饮/_未分类,
1821,餐饮/_未分类,
1822,餐饮/_未分类,
1823,餐饮/_未分类,
1824,餐饮/_未分类,
1825,餐饮/_未分类,
1826,餐饮/_未分类,
1827,餐饮/_未分类,
1828,餐饮/_未分类,
1829,餐饮/_未分类,
1830,餐饮/_未分类,
1832,餐饮/_未分类,
1833,餐饮/_未分类,
1834,餐饮/_未分类,
1835,餐饮/_未分类,
1837,餐饮/_未分类,纪念日！
1839,餐饮/_未分类,
1840,餐饮/_未分类,
1841,餐饮/_未分类,
1842,餐饮/_未分类,
1843,餐饮/_未分类,
1845,餐饮/_未分类,
1846,餐饮/_未分类,
1848,餐饮/_未分类,
1849,餐饮/_未分类,
1850,餐饮/_未分类,
1851,餐饮/_未分类,
1852,餐饮/_未分类,
1853,餐饮/_未分类,
1858,餐饮/_未分类,
1859,餐饮/_未分类,
1862,餐饮/_未分类,
1863,餐饮/_未分类,
1864,餐饮/_未分类,
1866,餐饮/_未分类,
1869,餐饮/_未分类,
1874,餐饮/_未分类,
1877,餐饮/_未分类,
1879,餐饮/_未分类,
1882,餐饮/_未分类,
1883,餐饮/_未分类,
1884,餐饮/_未分类,
1888,餐饮/_未分类,
1894,餐饮/_未分类,
1895,餐饮/_未分类,
1896,餐饮/_未分类,
1897,餐饮/_未分类,
1900,餐饮/_未分类,
1904,餐饮/_未分类,
1906,餐饮/_未分类,
1907,餐饮/_未分类,
1910,餐饮/_未分类,
1911,餐饮/_未分类,
1913,餐饮/_未分类,618 杂物
1916,餐饮/_未分类,
1917,餐饮/_未分类,
1919,餐饮/_未分类,618食物
1920,餐饮/_未分类,618食物
1921,餐饮/_未分类,618食物
1922,餐饮/_未分类,
1925,餐饮/_未分类,
1927,餐饮/_未分类,
1929,餐饮/_未分类,618 吃的
1931,餐饮/_未分类,618 健身餐
1932,餐饮/_未分类,618 牛油果
1939,餐饮/_未分类,618 牛奶
1942,餐饮/_未分类,618 火腿肠双汇
1943,餐饮/_未分类,618 鸡胸肉
1944,餐饮/_未分类,618 火腿肠
1946,餐饮/_未分类,618 琵琶腿
1947,餐饮/_未分类,618 鸡胸肉
1949,餐饮/_未分类,
1953,餐饮/_未分类,
1955,餐饮/_未分类,
1957,餐饮/_未分类,
1959,餐饮/_未分类,
1961,餐饮/_未分类,
1963,餐饮/_未分类,
1964,餐饮/_未分类,
1966,餐饮/_未分类,
1968,餐饮/_未分类,
1969,餐饮/_未分类,
1970,餐饮/_未分类,
1971,餐饮/_未分类,
1972,餐饮/_未分类,
1973,餐饮/_未分类,
1974,餐饮/_未分类,
1977,餐饮/_未分类,
1978,餐饮/_未分类,
1979,餐饮/_未分类,
1980,餐饮/_未分类,
1981,餐饮/_未分类,
1982,餐饮/_未分类,
1984,餐饮/_未分类,
1985,餐饮/_未分类,
1988,餐饮/_未分类,
1989,餐饮/_未分类,
1991,餐饮/_未分类,
1992,餐饮/_未分类,
1993,餐饮/_未分类,
1994,餐饮/_未分类,
1995,餐饮/_未分类,
1996,餐饮/_未分类,
1999,餐饮/_未分类,
2001,餐饮/_未分类,
2002,餐饮/_未分类,
2003,餐饮/_未分类,
2004,餐饮/_未分类,
2006,餐饮/_未分类,
2008,餐饮/_未分类,
2009,餐饮/_未分类,
2012,餐饮/_未分类,
2014,餐饮/_未分类,
2019,餐饮/_未分类,
2022,餐饮/_未分类,
2023,餐饮/_未分类,蛋糕
2024,餐饮/_未分类,
2032,餐饮/_未分类,
2034,餐饮/_未分类,
2040,餐饮/_未分类,
2042,餐饮/_未分类,
2043,餐饮/_未分类,
2044,餐饮/_未分类,
2047,餐饮/_未分类,
2048,餐饮/_未分类,
2049,餐饮/_未分类,
2055,餐饮/_未分类,
2061,餐饮/_未分类,
2062,餐饮/_未分类,
2064,餐饮/_未分类,
2065,餐饮/_未分类,
2066,餐饮/_未分类,
2072,餐饮/_未分类,
2076,餐饮/_未分类,
2077,餐饮/_未分类,
2080,餐饮/_未分类,
2081,餐饮/_未分类,
2085,餐饮/_未分类,
2086,餐饮/_未分类,
2088,餐饮/_未分类,
2089,餐饮/_未分类,
2091,餐饮/_未分类,
2092,餐饮/_未分类,
2094,餐饮/_未分类,
2095,餐饮/_未分类,
2096,餐饮/_未分类,
2097,餐饮/_未分类,
2100,餐饮/_未分类,
2103,餐饮/_未分类,
2104,餐饮/_未分类,
2105,餐饮/_未分类,
2107,餐饮/_未分类,
2109,餐饮/_未分类,
2110,餐饮/_未分类,
2115,餐饮/_未分类,
2117,餐饮/_未分类,
2119,餐饮/_未分类,
2121,餐饮/_未分类,
2122,餐饮/_未分类,
2123,餐饮/_未分类,
2124,餐饮/_未分类,
2125,餐饮/_未分类,
2130,餐饮/_未分类,
2131,餐饮/_未分类,
2132,餐饮/_未分类,
2134,餐饮/_未分类,
2136,餐饮/_未分类,
2137,餐饮/_未分类,
2139,餐饮/_未分类,
2140,餐饮/_未分类,
2141,餐饮/_未分类,
2143,餐饮/_未分类,
2144,餐饮/_未分类,
2146,餐饮/_未分类,
2149,餐饮/_未分类,
2151,餐饮/_未分类,
2152,餐饮/_未分类,
2153,餐饮/_未分类,
2155,餐饮/_未分类,
2157,餐饮/_未分类,
2158,餐饮/_未分类,
2160,餐饮/_未分类,
2163,餐饮/_未分类,
2164,餐饮/_未分类,
2165,餐饮/_未分类,
2166,餐饮/_未分类,
2173,餐饮/_未分类,
2174,餐饮/_未分类,
2175,餐饮/_未分类,
2179,餐饮/_未分类,
2180,餐饮/_未分类,
2182,餐饮/_未分类,
2185,餐饮/_未分类,
2186,餐饮/_未分类,
2187,餐饮/_未分类,
2189,餐饮/_未分类,
2190,餐饮/_未分类,
2193,餐饮/_未分类,
2195,餐饮/_未分类,
2198,餐饮/_未分类,
2199,餐饮/_未分类,
2201,餐饮/_未分类,
2203,餐饮/_未分类,
2204,餐饮/_未分类,
2208,餐饮/_未分类,
2211,餐饮/_未分类,
2214,餐饮/_未分类,
2217,餐饮/_未分类,
2221,餐饮/_未分类,
2223,餐饮/_未分类,
2225,餐饮/_未分类,
2229,餐饮/_未分类,
2231,餐饮/_未分类,
2232,餐饮/_未分类,
2233,餐饮/_未分类,
2234,餐饮/_未分类,
2235,餐饮/_未分类,
2242,餐饮/_未分类,
2243,餐饮/_未分类,
2247,餐饮/_未分类,
2255,餐饮/_未分类,
2256,餐饮/_未分类,
2260,餐饮/_未分类,
2266,餐饮/_未分类,
2267,餐饮/_未分类,
2270,餐饮/_未分类,
2272,餐饮/_未分类,
2273,餐饮/_未分类,
2276,餐饮/_未分类,
2279,餐饮/_未分类,
2286,餐饮/_未分类,
2290,餐饮/_未分类,
2295,餐饮/_未分类,
2296,餐饮/_未分类,
2297,餐饮/_未分类,
2298,餐饮/_未分类,杂粮煎饼
2303,餐饮/_未分类,
2305,餐饮/_未分类,
2306,餐饮/_未分类,冰淇淋🍨
2308,餐饮/_未分类,纪念日520❤️❤️❤️
2310,餐饮/_未分类,
2311,餐饮/_未分类,
2315,餐饮/_未分类,牛排🥩
2318,餐饮/_未分类,
2319,餐饮/_未分类,
2324,餐饮/_未分类,
2325,餐饮/_未分类,
2327,餐饮/_未分类,
2328,餐饮/_未分类,
2335,餐饮/_未分类,拿铁玛奇朵
2336,餐饮/_未分类,
2337,餐饮/_未分类,
2338,餐饮/_未分类,
2339,餐饮/_未分类,
2341,餐饮/_未分类,
2348,餐饮/_未分类,
2349,餐饮/_未分类,
2351,餐饮/_未分类,
2354,餐饮/_未分类,
2358,餐饮/_未分类,
2360,餐饮/_未分类,
2364,餐饮/_未分类,
2365,餐饮/_未分类,
2366,餐饮/_未分类,
2369,餐饮/_未分类,
2370,餐饮/_未分类,
2371,餐饮/_未分类,
2373,餐饮/_未分类,
2378,餐饮/_未分类,
2386,餐饮/_未分类,
2387,餐饮/_未分类,
2388,餐饮/_未分类,凉皮凉面
2390,餐饮/_未分类,
2391,餐饮/_未分类,
2400,餐饮/_未分类,
2401,餐饮/_未分类,
2405,餐饮/_未分类,榴莲千层
2407,餐饮/_未分类,
2410,餐饮/_未分类,
2411,餐饮/_未分类,
2414,餐饮/_未分类,
2415,餐饮/_未分类,
2421,餐饮/_未分类,
2424,餐饮/_未分类,
2425,餐饮/_未分类,
2427,餐饮/_未分类,
2430,餐饮/_未分类,
2435,餐饮/_未分类,汉堡🍔
2436,餐饮/_未分类,陆小馋
2437,餐饮/_未分类,三个汉堡
2444,餐饮/_未分类,
2446,餐饮/_未分类,
2447,餐饮/_未分类,
2448,餐饮/_未分类,火腿肠
2453,餐饮/_未分类,
2455,餐饮/_未分类,
2456,餐饮/_未分类,
2459,餐饮/_未分类,
2463,餐饮/_未分类,
2466,餐饮/_未分类,
2469,餐饮/_未分类,
2471,餐饮/_未分类,
2472,餐饮/_未分类,
2473,餐饮/_未分类,
2478,餐饮/_未分类,
2479,餐饮/_未分类,自助餐
2482,餐饮/_未分类,
2484,餐饮/_未分类,
2489,餐饮/_未分类,
2490,餐饮/_未分类,
2491,餐饮/_未分类,
2493,餐饮/_未分类,
2494,餐饮/_未分类,
2495,餐饮/_未分类,奶油 土豆
2496,餐饮/_未分类,买菜
2497,餐饮/_未分类,
2498,餐饮/_未分类,冰淇淋🍨
2499,餐饮/_未分类,饮用水
2500,餐饮/_未分类,
2501,餐饮/_未分类,
2502,餐饮/_未分类,
2504,餐饮/_未分类,
2508,餐饮/_未分类,
2509,餐饮/_未分类,
2513,餐饮/_未分类,
2514,餐饮/_未分类,
2515,餐饮/_未分类,饿了吗
2516,餐饮/_未分类,
2517,餐饮/_未分类,
2519,餐饮/_未分类,
2524,餐饮/_未分类,
2527,餐饮/_未分类,
2530,餐饮/_未分类,
2534,餐饮/_未分类,
2535,餐饮/_未分类,
2541,餐饮/_未分类,
2542,餐饮/_未分类,
2543,餐饮/_未分类,
2544,餐饮/_未分类,
2549,餐饮/_未分类,
2554,餐饮/_未分类,
2556,餐饮/_未分类,
2559,餐饮/_未分类,
2562,餐饮/_未分类,
2564,餐饮/_未分类,
2565,餐饮/_未分类,
2571,餐饮/_未分类,
2572,餐饮/_未分类,
2573,餐饮/_未分类,
2574,餐饮/_未分类,
2577,餐饮/_未分类,
2582,餐饮/_未分类,
2585,餐饮/_未分类,
2586,餐饮/_未分类,
2588,餐饮/_未分类,
2589,餐饮/_未分类,
2592,餐饮/_未分类,
2593,餐饮/_未分类,
2597,餐饮/_未分类,
2598,餐饮/_未分类,
2599,餐饮/_未分类,
2600,餐饮/_未分类,
2601,餐饮/_未分类,
2602,餐饮/_未分类,
2605,餐饮/_未分类,
2608,餐饮/_未分类,
2612,餐饮/_未分类,
2613,餐饮/_未分类,
2615,餐饮/_未分类,
2617,餐饮/_未分类,
2620,餐饮/_未分类,
2628,餐饮/_未分类,
2629,餐饮/_未分类,
2630,餐饮/_未分类,
2632,餐饮/_未分类,
2634,餐饮/_未分类,
2635,餐饮/_未分类,
2636,餐饮/_未分类,
2637,餐饮/_未分类,
2638,餐饮/_未分类,
2639,餐饮/_未分类,
2640,餐饮/_未分类,
2641,餐饮/_未分类,
2645,餐饮/_未分类,
2646,餐饮/_未分类,水果
2647,餐饮/_未分类,
2648,餐饮/_未分类,虾🦐
2649,餐饮/_未分类,
2650,餐饮/_未分类,奶油
2651,餐饮/_未分类,
2652,餐饮/_未分类,
2653,餐饮/_未分类,
2655,餐饮/_未分类,
2657,餐饮/_未分类,
2658,餐饮/_未分类,
2659,餐饮/_未分类,
2661,餐饮/_未分类,
2662,餐饮/_未分类,
2663,餐饮/_未分类,
2665,餐饮/_未分类,
2666,餐饮/_未分类,
2672,餐饮/_未分类,
2674,餐饮/_未分类,
2675,餐饮/_未分类,
2676,餐饮/_未分类,
2677,餐饮/_未分类,
2678,餐饮/_未分类,
2679,餐饮/_未分类,
2680,餐饮/_未分类,
2681,餐饮/_未分类,
2682,餐饮/_未分类,
2683,餐饮/_未分类,
2685,餐饮/_未分类,
2686,餐饮/_未分类,
2687,餐饮/_未分类,
2688,餐饮/_未分类,
2691,餐饮/_未分类,
2692,餐饮/_未分类,
2694,餐饮/_未分类,
2696,餐饮/_未分类,
2698,餐饮/_未分类,
2699,餐饮/_未分类,
2701,餐饮/_未分类,
2702,餐饮/_未分类,
2703,餐饮/_未分类,
2704,餐饮/_未分类,
2705,餐饮/_未分类,
2706,餐饮/_未分类,
2708,餐饮/_未分类,
2709,餐饮/_未分类,
2710,餐饮/_未分类,
2711,餐饮/_未分类,
2712,餐饮/_未分类,
2713,餐饮/_未分类,
2714,餐饮/_未分类,
2715,餐饮/_未分类,
2716,餐饮/_未分类,
2717,餐饮/_未分类,
2720,餐饮/_未分类,中兴通讯股份有限公司
2726,餐饮/_未分类,美团
2727,餐饮/_未分类,
2728,餐饮/_未分类,
2731,餐饮/_未分类,美团
2732,餐饮/_未分类,
2734,餐饮/_未分类,中兴通讯股份有限公司
2738,餐饮/_未分类,中兴通讯股份有限公司
2739,餐饮/_未分类,
2745,餐饮/_未分类,中兴通讯股份有限公司
2747,餐饮/_未分类,中兴通讯股份有限公司
2750,餐饮/_未分类,中兴通讯股份有限公司
2755,餐饮/_未分类,中兴通讯股份有限公司
2756,餐饮/_未分类,
2757,餐饮/_未分类,中兴通讯股份有限公司
2762,餐饮/_未分类,
2768,餐饮/_未分类,中兴通讯股份有限公司
2769,餐饮/_未分类,中兴通讯股份有限公司
2770,餐饮/_未分类,
2771,餐饮/_未分类,鸿雅（**帅）
2773,餐饮/_未分类,美团
2776,餐饮/_未分类,
2777,餐饮/_未分类,
2778,餐饮/_未分类,
2779,餐饮/_未分类,
2780,餐饮/_未分类,中兴通讯股份有限公司
2781,餐饮/_未分类,中兴通讯股份有限公司
2785,餐饮/_未分类,
2787,餐饮/_未分类,
2788,餐饮/_未分类,
2791,餐饮/_未分类,美团
2793,餐饮/_未分类,
2795,餐饮/_未分类,华润万家有限公司
2796,餐饮/_未分类,中兴通讯股份有限公司
2801,餐饮/_未分类,
2802,餐饮/_未分类,
2812,餐饮/_未分类,南京市秦淮区毛长超市店
2813,餐饮/_未分类,
2815,餐饮/_未分类,华润万家有限公司
2816,餐饮/_未分类,中兴通讯股份有限公司
2818,餐饮/_未分类,中兴通讯股份有限公司
2820,餐饮/_未分类,中兴通讯股份有限公司
2822,餐饮/_未分类,山姆
2823,餐饮/_未分类,
2824,餐饮/_未分类,
2825,餐饮/_未分类,
2827,餐饮/_未分类,
2828,餐饮/_未分类,
2831,餐饮/_未分类,
2836,餐饮/_未分类,
2847,餐饮/_未分类,
2849,餐饮/_未分类,中兴通讯股份有限公司
2850,餐饮/_未分类,中兴通讯股份有限公司
2853,餐饮/_未分类,金戋馄饨
2858,餐饮/_未分类,
2861,餐饮/_未分类,
2862,餐饮/_未分类,
2867,餐饮/_未分类,弥虎·贵州酸汤牛肉火锅（喜马拉雅店）
2870,餐饮/_未分类,中兴通讯股份有限公司
2876,餐饮/_未分类,中兴通讯股份有限公司
2878,餐饮/_未分类,正宗武汉热干面
2879,餐饮/_未分类,北京泉新高品科贸有限责任公司
2880,餐饮/_未分类,
2883,餐饮/_未分类,
2885,餐饮/_未分类,购好超市
2886,餐饮/_未分类,
2888,餐饮/_未分类,北京泉新高品科贸有限责任公司
2889,餐饮/_未分类,
2890,餐饮/_未分类,
2896,餐饮/_未分类,杨川记燃面·钵钵鸡（复地店）
2899,餐饮/_未分类,北京泉新高品科贸有限责任公司
2900,餐饮/_未分类,中兴通讯股份有限公司
2901,餐饮/_未分类,中兴通讯股份有限公司
2902,餐饮/_未分类,中兴通讯股份有限公司
2905,餐饮/_未分类,中兴通讯股份有限公司
2908,餐饮/_未分类,中兴通讯股份有限公司
2909,餐饮/_未分类,华润万家有限公司
2910,餐饮/_未分类,中兴通讯股份有限公司
2911,餐饮/_未分类,中兴通讯股份有限公司
2914,餐饮/_未分类,
2915,餐饮/_未分类,中兴通讯股份有限公司
2918,餐饮/_未分类,
2919,餐饮/_未分类,
2922,餐饮/_未分类,南京雨花台山姆会员商店
2924,餐饮/_未分类,中兴通讯股份有限公司
2926,餐饮/_未分类,中兴通讯股份有限公司
2928,餐饮/_未分类,中兴通讯股份有限公司
2929,餐饮/_未分类,中兴通讯股份有限公司
2930,餐饮/_未分类,中兴通讯股份有限公司
2932,餐饮/_未分类,中兴通讯股份有限公司
2933,餐饮/_未分类,中兴通讯股份有限公司
2935,餐饮/_未分类,中兴通讯股份有限公司
2937,餐饮/_未分类,中兴通讯股份有限公司
2941,餐饮/_未分类,中兴通讯股份有限公司
2942,餐饮/_未分类,
2944,餐饮/_未分类,
2947,餐饮/_未分类,
2950,餐饮/_未分类,
2954,餐饮/_未分类,
2955,餐饮/_未分类,
2956,餐饮/_未分类,李与白包子铺（保利堂悦店）
2959,餐饮/_未分类,
2960,餐饮/_未分类,
2963,餐饮/_未分类,中兴通讯股份有限公司
2965,餐饮/_未分类,
2966,餐饮/_未分类,
2968,餐饮/_未分类,中兴通讯股份有限公司
2970,餐饮/_未分类,
2976,餐饮/_未分类,中兴通讯股份有限公司
2977,餐饮/_未分类,中兴通讯股份有限公司
2983,餐饮/_未分类,中兴通讯股份有限公司
2985,餐饮/_未分类,中兴通讯股份有限公司
2986,餐饮/_未分类,中兴通讯股份有限公司
2988,餐饮/_未分类,
2993,餐饮/_未分类,
2996,餐饮/_未分类,王峰发起的群收款
2997,餐饮/_未分类,夜宵。哈哈
2998,餐饮/_未分类,巧克力
3005,餐饮/_未分类,
3006,餐饮/_未分类,
3007,餐饮/_未分类,双喜面馆茶都店
3013,餐饮/_未分类,
3018,餐饮/_未分类,
3019,餐饮/_未分类,
3021,餐饮/_未分类,
3022,餐饮/_未分类,
3024,餐饮/_未分类,
3027,餐饮/_未分类,中兴通讯股份有限公司
3030,餐饮/_未分类,中兴通讯股份有限公司
3033,餐饮/_未分类,
3034,餐饮/_未分类,
3039,餐饮/_未分类,
3043,餐饮/_未分类,
3044,餐饮/_未分类,
3045,餐饮/_未分类,
3047,餐饮/_未分类,
3053,餐饮/_未分类,
3055,餐饮/_未分类,
3057,餐饮/_未分类,上海摩提工房食品有限公司
3065,餐饮/_未分类,福瑞祥中式快餐
3071,餐饮/_未分类,许萍（*萍）
3072,餐饮/_未分类,
3073,餐饮/_未分类,
3074,餐饮/_未分类,
3075,餐饮/_未分类,
3076,餐饮/_未分类,
3079,餐饮/_未分类,轻风细雨（**飞）
3087,餐饮/_未分类,
3088,餐饮/_未分类,美团外卖卷
3089,餐饮/_未分类,*兴芝
3094,餐饮/_未分类,
3095,餐饮/_未分类,美团
3104,餐饮/_未分类,中兴通讯股份有限公司
3109,餐饮/_未分类,
3110,餐饮/_未分类,
3111,餐饮/_未分类,
3113,餐饮/_未分类,中兴通讯股份有限公司
3124,餐饮/_未分类,轻风细雨（**飞）
3126,餐饮/_未分类,轻风细雨（**飞）
3130,餐饮/_未分类,
3132,餐饮/_未分类,中兴通讯股份有限公司
3139,餐饮/_未分类,美团
3143,餐饮/_未分类,蜜雪冰城
3144,餐饮/_未分类,中兴通讯股份有限公司
3145,餐饮/_未分类,
3146,餐饮/_未分类,
3152,餐饮/_未分类,中兴通讯股份有限公司
3153,餐饮/_未分类,中兴通讯股份有限公司
3156,餐饮/_未分类,
3166,餐饮/_未分类,G（*腾）
3169,餐饮/_未分类,
3184,餐饮/_未分类,
3220,餐饮/_未分类,美团平台商户
3221,餐饮/_未分类,美团平台商户
3226,餐饮/_未分类,石锅拌饭南京弘阳店
3242,餐饮/_未分类,
3249,餐饮/_未分类,中兴通讯股份有限公司
3253,餐饮/_未分类,
3255,餐饮/_未分类,中兴通讯股份有限公司
3256,餐饮/_未分类,
3262,餐饮/_未分类,早餐
3267,餐饮/_未分类,
3278,餐饮/_未分类,淮南牛羊肉汤馆
3290,餐饮/_未分类,
3297,餐饮/_未分类,晨哥烧烤大排档
3298,餐饮/_未分类,好易购超市
3308,餐饮/_未分类,七家湾牛肉锅贴
3319,餐饮/_未分类,北京泉新高品科贸有限责任公司
3320,餐饮/_未分类,美团
3321,餐饮/_未分类,
3323,餐饮/_未分类,
3326,餐饮/_未分类,双喜面馆（**艮）
3327,餐饮/_未分类,luckincoffee
3329,餐饮/_未分类,百家超市（省中店）
3330,餐饮/_未分类,中兴通讯股份有限公司
3331,餐饮/_未分类,
3332,餐饮/_未分类,中兴通讯股份有限公司
3334,餐饮/_未分类,箸言·中式酒馆
3336,餐饮/_未分类,
3339,餐饮/_未分类,
3342,餐饮/_未分类,深圳市福田区小柴米餐饮管理店
3343,餐饮/_未分类,美团平台商户
3344,餐饮/_未分类,
3346,餐饮/_未分类,華記香港冰室（深圳總店）
3347,餐饮/_未分类,美团平台商户
3355,餐饮/_未分类,
3356,餐饮/_未分类,小禾山炒鸡米饭
3357,餐饮/_未分类,深圳市卡玛王子餐饮管理有限公司
3359,餐饮/_未分类,福气鲜活面包
3360,餐饮/_未分类,
3361,餐饮/_未分类,点蹄福田大中华店
3362,餐饮/_未分类,
3364,餐饮/_未分类,小禾山炒鸡米饭
3366,餐饮/_未分类,
3367,餐饮/_未分类,
3368,餐饮/_未分类,阿婆牛杂（深圳福田连城新天地店）
3371,餐饮/_未分类,购好超市
3374,餐饮/_未分类,崎本的店酵种吐司
3387,餐饮/_未分类,
3395,餐饮/_未分类,十足南京城际空间站店
3397,餐饮/_未分类,
3402,餐饮/_未分类,
3403,餐饮/_未分类,中兴通讯股份有限公司
3407,餐饮/_未分类,余小粉长沙现切鲜肉粉
3408,餐饮/_未分类,十足南京城际空间站店
3410,餐饮/_未分类,
3414,餐饮/_未分类,
3417,餐饮/_未分类,
3419,餐饮/_未分类,
3422,餐饮/_未分类,中兴通讯股份有限公司
3426,餐饮/_未分类,十足南京城际空间站店
3427,餐饮/_未分类,待嗯嗯确认收款
3440,餐饮/_未分类,寻湘地带南京新街口店
3452,餐饮/_未分类,中兴通讯股份有限公司
3456,餐饮/_未分类,待嗯嗯确认收款
3461,餐饮/_未分类,MUJItoGO深圳机场远机位
3465,餐饮/_未分类,陈东红
3466,餐饮/_未分类,大巴扎手抓饭(车公庙店)
3467,餐饮/_未分类,大巴扎手抓饭(车公庙店)
3470,餐饮/_未分类,翠华餐厅（会展中心店）
3472,餐饮/_未分类,七彩霞（**霞）
3473,餐饮/_未分类,深圳市卓悦食尚乐陶餐饮管理有限公司
3474,餐饮/_未分类,
3481,餐饮/_未分类,
3482,餐饮/_未分类,
3486,餐饮/_未分类,
3487,餐饮/_未分类,
3488,餐饮/_未分类,
3490,餐饮/_未分类,沃尔玛（中国）投资有限公司
3491,餐饮/_未分类,程江腌面（连城店）
3492,餐饮/_未分类,MOMO喜多（连城新天地店）
3493,餐饮/_未分类,
3494,餐饮/_未分类,MOMO喜多（连城新天地店）
3495,餐饮/_未分类,
3496,餐饮/_未分类,
3501,餐饮/_未分类,
3504,餐饮/_未分类,翠华餐厅（会展中心店）
3505,餐饮/_未分类,
3506,餐饮/_未分类,BreadTalk面包新语
3509,餐饮/_未分类,
3510,餐饮/_未分类,
3511,餐饮/_未分类,
3523,餐饮/_未分类,
3524,餐饮/_未分类,美团
3525,餐饮/_未分类,
3528,餐饮/_未分类,
3529,餐饮/_未分类,
3531,餐饮/_未分类,
3532,餐饮/_未分类,
3534,餐饮/_未分类,
3535,餐饮/_未分类,
3537,餐饮/_未分类,美团
3538,餐饮/_未分类,
3540,餐饮/_未分类,
3541,餐饮/_未分类,
3542,餐饮/_未分类,
3552,餐饮/_未分类,美团
3555,餐饮/_未分类,
3561,餐饮/_未分类,美团
3562,餐饮/_未分类,美团
3563,餐饮/_未分类,美团
3565,餐饮/_未分类,美团
3566,餐饮/_未分类,
3567,餐饮/_未分类,美团
3568,餐饮/_未分类,美团
3570,餐饮/_未分类,美团
3571,餐饮/_未分类,敏华冰厅
3572,餐饮/_未分类,辣伍爺·冒菜（平安金融中心店）
3574,餐饮/_未分类,台山佬黄鳝饭
3580,餐饮/_未分类,香火肥肠（华强北店）
3581,餐饮/_未分类,美味
3582,餐饮/_未分类,许萍（*萍）
3583,餐饮/_未分类,美团
3587,餐饮/_未分类,购好超市
3588,餐饮/_未分类,美团
3590,餐饮/_未分类,美团
3592,餐饮/_未分类,待裴健确认收款
3593,餐饮/_未分类,中兴通讯股份有限公司
3594,餐饮/_未分类,美团
3597,餐饮/_未分类,美团
3598,餐饮/_未分类,
3599,餐饮/_未分类,
3600,餐饮/_未分类,中兴通讯股份有限公司
3603,餐饮/_未分类,美团
3604,餐饮/_未分类,中兴通讯股份有限公司
3605,餐饮/_未分类,中兴通讯股份有限公司
3606,餐饮/_未分类,
3607,餐饮/_未分类,美团
3608,餐饮/_未分类,美团平台商户
3609,餐饮/_未分类,山姆会员商店
3611,餐饮/_未分类,商户_徐进
3612,餐饮/_未分类,
3613,餐饮/_未分类,米酒
3614,餐饮/_未分类,中兴通讯股份有限公司
3615,餐饮/_未分类,
3616,餐饮/_未分类,中兴通讯股份有限公司
3618,餐饮/_未分类,
3620,餐饮/_未分类,中兴通讯股份有限公司
3621,餐饮/_未分类,
3622,餐饮/_未分类,美团
3623,餐饮/_未分类,中兴通讯股份有限公司
3626,餐饮/_未分类,中兴通讯股份有限公司
3627,餐饮/_未分类,美团
3628,餐饮/_未分类,
3631,餐饮/_未分类,中兴通讯股份有限公司
3632,餐饮/_未分类,美团
3633,餐饮/_未分类,
3634,餐饮/_未分类,
3635,餐饮/_未分类,美团平台商户
3636,餐饮/_未分类,美团平台商户
3637,餐饮/_未分类,中兴通讯股份有限公司
3638,餐饮/_未分类,
3639,餐饮/_未分类,山姆会员商店
3640,餐饮/_未分类,塔斯汀中国汉堡
3641,餐饮/_未分类,中兴通讯股份有限公司
3642,餐饮/_未分类,山姆会员商店
3648,餐饮/_未分类,美团平台商户
3651,餐饮/_未分类,美团
3667,餐饮/_未分类,美团
3668,餐饮/_未分类,美团
3674,餐饮/_未分类,肯德基
3680,餐饮/_未分类,美团
3682,餐饮/_未分类,美团
3683,餐饮/_未分类,美团
3684,餐饮/_未分类,中兴通讯股份有限公司
3686,餐饮/_未分类,中兴通讯股份有限公司
3694,餐饮/_未分类,美团
3696,餐饮/_未分类,
3698,餐饮/_未分类,中兴通讯股份有限公司
3702,餐饮/_未分类,美团
3703,餐饮/_未分类,美团
3705,餐饮/_未分类,美团平台商户
3708,餐饮/_未分类,中兴通讯股份有限公司
3714,餐饮/_未分类,飞琼阁
3717,餐饮/_未分类,飞琼阁
3718,餐饮/_未分类,安庆馄饨
3721,餐饮/_未分类,美团平台商户
3722,餐饮/_未分类,美团平台商户
3723,餐饮/_未分类,美团平台商户
3727,餐饮/_未分类,中兴通讯股份有限公司
3732,餐饮/_未分类,美团 打赏
3733,餐饮/_未分类,美团平台商户
3734,餐饮/_未分类,中兴通讯股份有限公司
3736,餐饮/_未分类,美团平台商户
3738,餐饮/_未分类,
3740,餐饮/_未分类,
3746,餐饮/_未分类,
3754,餐饮/_未分类,
3766,餐饮/_未分类,
3769,餐饮/_未分类,水果
3770,餐饮/_未分类,米酒
3783,餐饮/_未分类,和善园
3785,餐饮/_未分类,
3786,餐饮/_未分类,中兴通讯股份有限公司
3797,餐饮/_未分类,智咖时代
3811,餐饮/_未分类,开市客（南京）商业有限公司
3815,餐饮/_未分类,
3823,餐饮/_未分类,
3825,餐饮/_未分类,囤货，食物
3829,餐饮/_未分类,安庆馄饨
3830,餐饮/_未分类,飞琼阁
3841,餐饮/_未分类,
3843,餐饮/_未分类,
3845,餐饮/_未分类,
3846,餐饮/_未分类,
3855,餐饮/_未分类,山姆会员商店
3856,餐饮/_未分类,
3866,餐饮/_未分类,中兴通讯股份有限公司
3868,餐饮/_未分类,
3873,餐饮/_未分类,山姆会员商店
3876,餐饮/_未分类,
3877,餐饮/_未分类,山姆会员商店
3878,餐饮/_未分类,老陈家豆腐脑东渡青年城店
3879,餐饮/_未分类,诺奕阖小吃店
3882,餐饮/_未分类,
3883,餐饮/_未分类,中兴通讯股份有限公司
3888,餐饮/_未分类,山姆会员商店
3890,餐饮/_未分类,中兴通讯股份有限公司
3893,餐饮/_未分类,中兴通讯股份有限公司
3894,餐饮/_未分类,
3897,餐饮/_未分类,
3898,餐饮/_未分类,中兴通讯股份有限公司
3905,餐饮/_未分类,丫头迷（**梅）
3906,餐饮/_未分类,山姆会员商店
3907,餐饮/_未分类,
3908,餐饮/_未分类,美团平台商户
3910,餐饮/_未分类,中兴通讯股份有限公司
3914,餐饮/_未分类,中兴通讯股份有限公司
3916,餐饮/_未分类,中兴通讯股份有限公司
3920,餐饮/_未分类,山姆会员商店
3927,餐饮/_未分类,恰好
3932,餐饮/_未分类,
3939,餐饮/_未分类,山姆会员商店
3944,餐饮/_未分类,
3946,餐饮/_未分类,
3947,餐饮/_未分类,
3950,餐饮/_未分类,
3953,餐饮/_未分类,
3955,餐饮/_未分类,永辉云创
3956,餐饮/_未分类,
3964,餐饮/_未分类,山姆会员商店
3965,餐饮/_未分类,山姆三样
3966,餐饮/_未分类,好的便利店(好的东渡国际青年城特许店)
3967,餐饮/_未分类,恰好
3969,餐饮/_未分类,永辉超市南京龙湾龙湖天街店
3973,餐饮/_未分类,山姆会员商店
3975,餐饮/_未分类,
3977,餐饮/_未分类,
3978,餐饮/_未分类,华润万家有限公司
3980,餐饮/_未分类,
3981,餐饮/_未分类,
3983,餐饮/_未分类,
3985,餐饮/_未分类,美团
3986,餐饮/_未分类,美团
3987,餐饮/_未分类,永辉超市南京龙湾龙湖天街店
3988,餐饮/_未分类,双喜面馆茶都店
3990,餐饮/_未分类,美团
3991,餐饮/_未分类,美团
3992,餐饮/_未分类,美团
4004,餐饮/_未分类,中兴通讯股份有限公司
4005,餐饮/_未分类,飞琼阁
4006,餐饮/_未分类,美团
4007,餐饮/_未分类,美团
4008,餐饮/_未分类,山姆会员商店
4012,餐饮/_未分类,山姆会员商店
4027,餐饮/_未分类,胡集酒肆·唐潮西域菜
4032,餐饮/_未分类,中兴通讯股份有限公司
4033,餐饮/_未分类,
4035,餐饮/_未分类,
4037,餐饮/_未分类,中兴通讯股份有限公司
4043,餐饮/_未分类,中兴通讯股份有限公司
4045,餐饮/_未分类,美团
4046,餐饮/_未分类,美团
4048,餐饮/_未分类,
4053,餐饮/_未分类,
4056,餐饮/_未分类,双喜面馆茶都店
4060,餐饮/_未分类,中兴通讯股份有限公司
4062,餐饮/_未分类,中兴通讯股份有限公司
4063,餐饮/_未分类,美团
4064,餐饮/_未分类,
4067,餐饮/_未分类,
4068,餐饮/_未分类,
4070,餐饮/_未分类,安年混沌
4072,餐饮/_未分类,山姆会员商店
4076,餐饮/_未分类,山姆会员商店
4077,餐饮/_未分类,美团
4078,餐饮/_未分类,美团
4083,餐饮/_未分类,美团
4085,餐饮/_未分类,山姆会员商店
4086,餐饮/_未分类,南京万兴商业管理有限公司
4087,餐饮/_未分类,南京市栖霞区敬夕龙小吃部
4092,餐饮/_未分类,
4095,餐饮/_未分类,美团
4096,餐饮/_未分类,美团
4097,餐饮/_未分类,
4099,餐饮/_未分类,
4101,餐饮/_未分类,
4114,餐饮/_未分类,永辉(南京仙林万达)
4116,餐饮/_未分类,永辉(南京仙林万达)
4117,餐饮/_未分类,
4118,餐饮/_未分类,美团
4119,餐饮/_未分类,
4121,餐饮/_未分类,
4122,餐饮/_未分类,
4126,餐饮/_未分类,安年混沌
4130,餐饮/_未分类,美团
4136,餐饮/_未分类,麦当劳
4140,餐饮/_未分类,麦当劳
4148,餐饮/_未分类,山姆【家庭聚餐】
4150,餐饮/_未分类,如皋市艾天使烘焙店
4153,餐饮/_未分类,丫头迷（**梅）
4158,餐饮/_未分类,
4159,餐饮/_未分类,
4161,餐饮/_未分类,双喜面馆茶都店
4164,餐饮/_未分类,欧尚南京江宁店
4165,餐饮/_未分类,
4167,餐饮/_未分类,中兴通讯股份有限公司
4168,餐饮/_未分类,中移（杭州）信息技术有限公司
4169,餐饮/_未分类,老陈家豆腐脑东渡青年城店
4173,餐饮/_未分类,美团
4177,餐饮/_未分类,山姆会员商店
4179,餐饮/_未分类,
4180,餐饮/_未分类,姑娘手
4184,餐饮/_未分类,山姆会员商店
4185,餐饮/_未分类,美团平台商户
4186,餐饮/_未分类,
4187,餐饮/_未分类,双喜面馆茶都店
4188,餐饮/_未分类,
4191,餐饮/_未分类,
4193,餐饮/_未分类,
4200,餐饮/_未分类,中兴通讯股份有限公司
4209,餐饮/_未分类,
4215,餐饮/_未分类,美团
4217,餐饮/_未分类,山姆会员商店
4218,餐饮/_未分类,
4219,餐饮/_未分类,
4223,餐饮/_未分类,南京一籴酒酿老门东店
4225,餐饮/_未分类,三八妇女节
4232,餐饮/_未分类,南京雨花台山姆会员商店
4237,餐饮/_未分类,
4238,餐饮/_未分类,
4239,餐饮/_未分类,
4240,餐饮/_未分类,
4242,餐饮/_未分类,飞琼阁
4243,餐饮/_未分类,飞琼阁
4245,餐饮/_未分类,山姆会员商店
4246,餐饮/_未分类,
4247,餐饮/_未分类,美团
4248,餐饮/_未分类,柱侯酱
4249,餐饮/_未分类,
4250,餐饮/_未分类,
4251,餐饮/_未分类,
4252,餐饮/_未分类,买菜哦
4253,餐饮/_未分类,
4267,餐饮/_未分类,
4275,餐饮/_未分类,美团
4287,餐饮/_未分类,美团
4295,餐饮/_未分类,美团
4297,餐饮/_未分类,中兴通讯股份有限公司
4303,餐饮/_未分类,中兴通讯股份有限公司
4310,餐饮/_未分类,天元中路店
4325,餐饮/_未分类,
4326,餐饮/_未分类,
4327,餐饮/_未分类,上海梦冉文化传媒有限公司
4330,餐饮/_未分类,美团平台商户
4359,餐饮/_未分类,白砂糖。囤货。
4396,餐饮/_未分类,
4409,餐饮/_未分类,各种酱料
4423,餐饮/_未分类,神会员
4424,餐饮/_未分类,美团
4427,餐饮/_未分类,生蚝 扇贝
4432,餐饮/_未分类,抹茶粉 紫薯粉 装饰
4433,餐饮/_未分类,厨房纸
4434,餐饮/_未分类,黄油
4450,餐饮/_未分类,
4451,餐饮/_未分类,
4458,餐饮/_未分类,江宁区傣边边餐饮店
4459,餐饮/_未分类,美团
4463,餐饮/_未分类,美团
4467,餐饮/_未分类,中兴通讯股份有限公司
4471,餐饮/_未分类,
4472,餐饮/_未分类,餐饮
4475,餐饮/_未分类,
4477,餐饮/_未分类,美团
4479,餐饮/_未分类,中兴通讯股份有限公司
4486,餐饮/_未分类,美团
4491,餐饮/_未分类,
4495,餐饮/_未分类,
4500,餐饮/_未分类,
4507,餐饮/_未分类,飞琼阁
4528,餐饮/_未分类,安年庆馄饨
4529,餐饮/_未分类,安年庆馄饨
4532,餐饮/_未分类,好的便利店(好的东渡国际青年城特许店)
4534,餐饮/_未分类,抖音小店 食物
4535,餐饮/_未分类,奶油
4547,餐饮/_未分类,和善园南京竹山路店
4548,餐饮/_未分类,飞琼阁
4553,餐饮/_未分类,火腿肠
4562,餐饮/_未分类,800天 祝贺🥳
4566,餐饮/_未分类,【美团】屯券
4567,餐饮/_未分类,马苏里拉
4583,餐饮/_未分类,汉堡🍔
4591,餐饮/_未分类,【1688】虾7盒
4592,餐饮/_未分类,【1688plus】一年卡
4593,餐饮/_未分类,伊利比亚黑猪排20斤
4605,餐饮/_未分类,
4607,餐饮/_未分类,
4611,餐饮/_未分类,
4614,餐饮/_未分类,
4615,餐饮/_未分类,
4616,餐饮/_未分类,
4618,餐饮/_未分类,牛肚
4619,餐饮/_未分类,平安果
4620,餐饮/_未分类,榴莲
4625,餐饮/_未分类,生菜
4626,餐饮/_未分类,饮品
4628,餐饮/_未分类,
4631,餐饮/_未分类,
4632,餐饮/_未分类,
4634,餐饮/_未分类,
4636,餐饮/_未分类,
4637,餐饮/_未分类,
4638,餐饮/_未分类,
4640,餐饮/_未分类,
4641,餐饮/_未分类,
4642,餐饮/_未分类,
4645,餐饮/_未分类,
4647,餐饮/_未分类,
4650,餐饮/_未分类,火锅食材等
4653,餐饮/_未分类,
4655,餐饮/_未分类,
4668,餐饮/_未分类,
4669,餐饮/_未分类,
4670,餐饮/_未分类,
4678,餐饮/_未分类,
4679,餐饮/_未分类,买菜吃
4680,餐饮/_未分类,水饺 榴莲千层
4682,餐饮/_未分类,
4683,餐饮/_未分类,
4684,餐饮/_未分类,
4685,餐饮/_未分类,
4686,餐饮/_未分类,
4687,餐饮/_未分类,双人餐
4688,餐饮/_未分类,
4690,餐饮/_未分类,
4692,餐饮/_未分类,火鸡面
4693,餐饮/_未分类,
4695,餐饮/_未分类,
4698,餐饮/_未分类,
4699,餐饮/_未分类,
4701,餐饮/_未分类,
4702,餐饮/_未分类,
4708,餐饮/_未分类,
4716,餐饮/_未分类,午饭
4724,餐饮/_未分类,
4727,餐饮/_未分类,
4744,餐饮/_未分类,鸡蛋 鸡腿排
4747,餐饮/_未分类,方便面 土豆 洋葱 等
4748,餐饮/_未分类,
4749,餐饮/_未分类,
4753,餐饮/_未分类,方便面 午饭
4754,餐饮/_未分类,
4756,餐饮/_未分类,
4757,餐饮/_未分类,
4759,餐饮/_未分类,花味烤肉
4760,餐饮/_未分类,花味烤肉
4763,餐饮/_未分类,
4766,餐饮/_未分类,红烧肉
4768,餐饮/_未分类,一起 晚饭
4772,餐饮/_未分类,自助 2人
4774,餐饮/_未分类,
4777,餐饮/_未分类,
4781,餐饮/_未分类,
4782,餐饮/_未分类,
4784,餐饮/_未分类,
4785,餐饮/_未分类,
4791,餐饮/_未分类,
4792,餐饮/_未分类,
4793,餐饮/_未分类,双人晚饭
4795,餐饮/_未分类,奶皮子糖葫芦
4796,餐饮/_未分类,
4801,餐饮/_未分类,
4802,餐饮/_未分类,
4805,餐饮/_未分类,
4807,餐饮/_未分类,
4808,餐饮/_未分类,披萨
4812,餐饮/_未分类,
4814,餐饮/_未分类,
4815,餐饮/_未分类,
4818,餐饮/_未分类,
4821,餐饮/_未分类,
4824,餐饮/_未分类,
4825,餐饮/_未分类,美团红包
4827,餐饮/_未分类,午饭
4830,餐饮/_未分类,
4831,餐饮/_未分类,
4834,餐饮/_未分类,
4835,餐饮/_未分类,
4837,餐饮/_未分类,
4838,餐饮/_未分类,共同 披萨
4839,餐饮/_未分类,晚饭 共同
4840,餐饮/_未分类,
4842,餐饮/_未分类,
4843,餐饮/_未分类,
4845,餐饮/_未分类,晚饭
4847,餐饮/_未分类,蛋糕
4849,餐饮/_未分类,
4851,餐饮/_未分类,庆祝 晚饭
4853,餐饮/_未分类,
4856,餐饮/_未分类,
4857,餐饮/_未分类,
4858,餐饮/_未分类,
4859,餐饮/_未分类,
4862,餐饮/_未分类,
4864,餐饮/_未分类,
4865,餐饮/_未分类,
4866,餐饮/_未分类,
4867,餐饮/_未分类,
4869,餐饮/_未分类,
4870,餐饮/_未分类,
4872,餐饮/_未分类,
4873,餐饮/_未分类,
4875,餐饮/_未分类,
4876,餐饮/_未分类,
4877,餐饮/_未分类,
4878,餐饮/_未分类,
4879,餐饮/_未分类,
4880,餐饮/_未分类,
4883,餐饮/_未分类,
4884,餐饮/_未分类,
4886,餐饮/_未分类,
4888,餐饮/_未分类,
4890,餐饮/_未分类,
4891,餐饮/_未分类,
4892,餐饮/_未分类,
4893,餐饮/_未分类,
4895,餐饮/_未分类,
4896,餐饮/_未分类,
4899,餐饮/_未分类,
4904,餐饮/_未分类,
4905,餐饮/_未分类,
4907,餐饮/_未分类,
4913,餐饮/_未分类,
4915,餐饮/_未分类,
4918,餐饮/_未分类,
4919,餐饮/_未分类,
4920,餐饮/_未分类,
4924,餐饮/_未分类,
4930,餐饮/_未分类,
4931,餐饮/_未分类,
4933,餐饮/_未分类,
4935,餐饮/_未分类,
4936,餐饮/_未分类,
4938,餐饮/_未分类,
4939,餐饮/_未分类,
4943,餐饮/_未分类,
4944,餐饮/_未分类,
4945,餐饮/_未分类,
4946,餐饮/_未分类,
4947,餐饮/_未分类,
4949,餐饮/_未分类,
4951,餐饮/_未分类,
4952,餐饮/_未分类,
4953,餐饮/_未分类,
4958,餐饮/_未分类,
4959,餐饮/_未分类,
4962,餐饮/_未分类,牛杂煲
4964,餐饮/_未分类,
4965,餐饮/_未分类,山姆 冷冻菜
4970,餐饮/_未分类,锅贴
4975,餐饮/_未分类,
4978,餐饮/_未分类,
4987,餐饮/_未分类,炒鸡
4988,餐饮/_未分类,
4992,餐饮/_未分类,
4993,餐饮/_未分类,
4994,餐饮/_未分类,烤鱿鱼
4995,餐饮/_未分类,鱼
5000,餐饮/_未分类,纸巾和水
5001,餐饮/_未分类,
5007,餐饮/_未分类,
5011,餐饮/_未分类,
5012,餐饮/_未分类,
5028,餐饮/_未分类,
5029,餐饮/_未分类,
5030,餐饮/_未分类,
5031,餐饮/_未分类,
5034,餐饮/_未分类,
5039,餐饮/_未分类,
5042,餐饮/_未分类,
5047,餐饮/_未分类,
5049,餐饮/_未分类,
5050,餐饮/_未分类,
5051,餐饮/_未分类,
5053,餐饮/_未分类,山姆水饺
5055,餐饮/_未分类,零食
5056,餐饮/_未分类,
5058,餐饮/_未分类,
5059,餐饮/_未分类,
5061,餐饮/_未分类,
5063,餐饮/_未分类,
5065,餐饮/_未分类,
5067,餐饮/_未分类,
5070,餐饮/_未分类,买菜做饭 盒马
5073,餐饮/_未分类,
5074,餐饮/_未分类,
5076,餐饮/_未分类,山姆 章鱼小丸子 饭团
5079,餐饮/_未分类,晚饭
5086,餐饮/_未分类,山姆 调味料 菜
5093,餐饮/_未分类,
5097,餐饮/_未分类,山姆 吃的
5106,餐饮/_未分类,
5109,餐饮/_未分类,辣子鸡 晚饭
5110,餐饮/_未分类,山姆 送同事
5112,餐饮/_未分类,
5113,餐饮/_未分类,日本流量
5125,餐饮/_未分类,日料餐饮
5163,餐饮/_未分类,
5169,餐饮/_未分类,
5170,餐饮/_未分类,
5182,餐饮/_未分类,
5191,餐饮/_未分类,七夕节美食 韩餐
5193,餐饮/_未分类,香肠
5194,餐饮/_未分类,猜测买了外卖柜没有记录的鸭腿
5197,餐饮/_未分类,
5200,餐饮/_未分类,
5204,餐饮/_未分类,
5205,餐饮/_未分类,
5207,餐饮/_未分类,
5209,餐饮/_未分类,
5213,餐饮/_未分类,
5217,餐饮/_未分类,夜宵
5218,餐饮/_未分类,
5222,餐饮/_未分类,
5223,餐饮/_未分类,
5228,餐饮/_未分类,
5229,餐饮/_未分类,山姆 冰淇淋 小零食
5231,餐饮/_未分类,
5233,餐饮/_未分类,
5234,餐饮/_未分类,
5238,餐饮/_未分类,叮咚买菜 面条 鸡爪
5239,餐饮/_未分类,睡眠药 补品
5243,餐饮/_未分类,
5246,餐饮/_未分类,
5249,餐饮/_未分类,
5253,餐饮/_未分类,
5255,餐饮/_未分类,
5256,餐饮/_未分类,
5259,餐饮/_未分类,
5261,餐饮/_未分类,
5262,餐饮/_未分类,
5265,餐饮/_未分类,
5266,餐饮/_未分类,
5268,餐饮/_未分类,
5270,餐饮/_未分类,
5275,餐饮/_未分类,
5279,餐饮/_未分类,龙虾宴
5280,餐饮/_未分类,
5286,餐饮/_未分类,午饭
5288,餐饮/_未分类,
5289,餐饮/_未分类,
5293,餐饮/_未分类,
5294,餐饮/_未分类,叮咚买菜会员
5296,餐饮/_未分类,山姆 面，烤肠
5297,餐饮/_未分类,鸡蛋等
5301,餐饮/_未分类,面包 腿排
5307,餐饮/_未分类,炸物 买菜 app
5309,餐饮/_未分类,夜宵夜宵！
5311,餐饮/_未分类,
5315,餐饮/_未分类,日料
5316,餐饮/_未分类,水饺
5317,餐饮/_未分类,山姆 黄油
5321,餐饮/_未分类,
5324,餐饮/_未分类,
5326,餐饮/_未分类,黄油分割器
5328,餐饮/_未分类,熟醉 罗氏虾，小龙虾，母螃蟹，蒜泥虾
5331,餐饮/_未分类,
5333,餐饮/_未分类,日式 材料 木鱼花，海苔粉
5334,餐饮/_未分类,
5335,餐饮/_未分类,三种豆腐
5336,餐饮/_未分类,餐饮 清洁工具
5340,餐饮/_未分类,食材 盐 黑虎虾 刺身 酱油
5344,餐饮/_未分类,
5346,餐饮/_未分类,山姆 烧鸟
5352,餐饮/_未分类,
5355,餐饮/_未分类,
5356,餐饮/_未分类,
5357,餐饮/_未分类,
5359,餐饮/_未分类,买菜 料酒
5363,餐饮/_未分类,山姆食材
5367,餐饮/_未分类,山姆饮食
5369,餐饮/_未分类,面包，鸡腿排，芝麻酱
5371,餐饮/_未分类,
5374,餐饮/_未分类,
5380,餐饮/_未分类,
5384,餐饮/_未分类,
5388,餐饮/_未分类,
5390,餐饮/_未分类,早饭
5400,餐饮/_未分类,
5402,餐饮/_未分类,
5403,餐饮/_未分类,
5405,餐饮/_未分类,
5406,餐饮/_未分类,
5407,餐饮/_未分类,
5410,餐饮/_未分类,
5411,餐饮/_未分类,
5412,餐饮/_未分类,
5414,餐饮/_未分类,
5418,餐饮/_未分类,
5420,餐饮/_未分类,山姆烤肉，蛋糕🍰，生菜
5422,餐饮/_未分类,
5424,餐饮/_未分类,黄焖鸡
5425,餐饮/_未分类,
5426,餐饮/_未分类,山姆-茶 火腿肠
5430,餐饮/_未分类,
5432,餐饮/_未分类,
5433,餐饮/_未分类,蛋挞午饭
5441,餐饮/_未分类,
5442,餐饮/_未分类,
5445,餐饮/_未分类,
5446,餐饮/_未分类,
5447,餐饮/_未分类,
5449,餐饮/_未分类,
5452,餐饮/_未分类,小龙虾
5454,餐饮/_未分类,
5457,餐饮/_未分类,
5459,餐饮/_未分类,汉堡
5461,餐饮/_未分类,
5465,餐饮/_未分类,
5466,餐饮/_未分类,
5467,餐饮/_未分类,
5470,餐饮/_未分类,
5471,餐饮/_未分类,
5478,餐饮/_未分类,
5479,餐饮/_未分类,
5481,餐饮/_未分类,
5484,餐饮/_未分类,
5485,餐饮/_未分类,早饭
5491,餐饮/_未分类,
5496,餐饮/_未分类,
5498,餐饮/_未分类,
5504,餐饮/_未分类,
5506,餐饮/_未分类,
5507,餐饮/_未分类,
5508,餐饮/_未分类,
5511,餐饮/_未分类,
5513,餐饮/_未分类,
5515,餐饮/_未分类,
5516,餐饮/_未分类,
5517,餐饮/_未分类,
5520,餐饮/_未分类,
5525,餐饮/_未分类,
5530,餐饮/_未分类,
5533,餐饮/_未分类,
5534,餐饮/_未分类,
5537,餐饮/_未分类,
5539,餐饮/_未分类,
5540,餐饮/_未分类,
5541,餐饮/_未分类,
5542,餐饮/_未分类,
5543,餐饮/_未分类,
5545,餐饮/_未分类,
5547,餐饮/_未分类,
5557,餐饮/_未分类,
5559,餐饮/_未分类,
5561,餐饮/_未分类,
5562,餐饮/_未分类,
5563,餐饮/_未分类,
5566,餐饮/_未分类,
5568,餐饮/_未分类,
5570,餐饮/_未分类,
5572,餐饮/_未分类,
5575,餐饮/_未分类,
5577,餐饮/_未分类,
5580,餐饮/_未分类,
5581,餐饮/_未分类,
5582,餐饮/_未分类,
5588,餐饮/_未分类,
5592,餐饮/_未分类,
5594,餐饮/_未分类,
5596,餐饮/_未分类,
5597,餐饮/_未分类,
5599,餐饮/_未分类,
5602,餐饮/_未分类,
5603,餐饮/_未分类,
5607,餐饮/_未分类,美团
5608,餐饮/_未分类,
5609,餐饮/_未分类,
5610,餐饮/_未分类,
5611,餐饮/_未分类,
5613,餐饮/_未分类,
5615,餐饮/_未分类,
5617,餐饮/_未分类,
5619,餐饮/_未分类,
5624,餐饮/_未分类,购好超市
5629,餐饮/_未分类,
5633,餐饮/_未分类,
5634,餐饮/_未分类,
5635,餐饮/_未分类,乐乐街
5636,餐饮/_未分类,浦口区健硕食品经营部（个体工商户）
5640,餐饮/_未分类,
5642,餐饮/_未分类,
5644,餐饮/_未分类,苏果小业态中兴通讯南京研发中心便利店
5647,餐饮/_未分类,苏果小业态中兴通讯南京研发中心便利店
5648,餐饮/_未分类,苏果小业态中兴通讯南京研发中心便利店
5649,餐饮/_未分类,
5651,餐饮/_未分类,
5652,餐饮/_未分类,苏果小业态中兴通讯南京研发中心便利店
5655,餐饮/_未分类,网鱼网咖
5656,餐饮/_未分类,美团
5657,餐饮/_未分类,美团
5658,餐饮/_未分类,美团
5665,餐饮/_未分类,
5666,餐饮/_未分类,
5669,餐饮/_未分类,
5672,餐饮/_未分类,中兴通讯股份有限公司
5673,餐饮/_未分类,
5675,餐饮/_未分类,
5687,餐饮/_未分类,
5690,餐饮/_未分类,美团
5698,餐饮/_未分类,
5699,餐饮/_未分类,
5700,餐饮/_未分类,
5703,餐饮/_未分类,
5705,餐饮/_未分类,
5707,餐饮/_未分类,
5710,餐饮/_未分类,
5711,餐饮/_未分类,
5712,餐饮/_未分类,
5719,餐饮/_未分类,
5720,餐饮/_未分类,
5721,餐饮/_未分类,
5730,餐饮/_未分类,网鱼网咖
5731,餐饮/_未分类,
5733,餐饮/_未分类,美团
5735,餐饮/_未分类,
5736,餐饮/_未分类,
5739,餐饮/_未分类,南京市秦淮区百名家百货店
5743,餐饮/_未分类,
5746,餐饮/_未分类,
5747,餐饮/_未分类,美团
5751,餐饮/_未分类,美团
5753,餐饮/_未分类,尚村库记凉皮坊
5754,餐饮/_未分类,
5761,餐饮/_未分类,
5763,餐饮/_未分类,
5765,餐饮/_未分类,
5767,餐饮/_未分类,
5770,餐饮/_未分类,
5775,餐饮/_未分类,
5776,餐饮/_未分类,
5777,餐饮/_未分类,
5782,餐饮/_未分类,
5784,餐饮/_未分类,
5785,餐饮/_未分类,
5790,餐饮/_未分类,
5794,餐饮/_未分类,
5797,餐饮/_未分类,
5798,餐饮/_未分类,
5804,餐饮/_未分类,
5808,餐饮/_未分类,
5810,餐饮/_未分类,
5815,餐饮/_未分类,付款给罗罗@Jin陵鱼火锅(**萍)
5819,餐饮/_未分类,乐乐街
5822,餐饮/_未分类,
5828,餐饮/_未分类,霸碗盖码饭（绿地之窗店）
5838,餐饮/_未分类,中兴通讯股份有限公司
5840,餐饮/_未分类,华润万家有限公司
5842,餐饮/_未分类,
5843,餐饮/_未分类,
5844,餐饮/_未分类,
5845,餐饮/_未分类,米村拌饭
5846,餐饮/_未分类,
5854,餐饮/_未分类,
5855,餐饮/_未分类,
5861,餐饮/_未分类,中兴通讯股份有限公司
5864,餐饮/_未分类,
5868,餐饮/_未分类,亿嘉福
5869,餐饮/_未分类,沈小艺鲜烫牛肉米线
5870,餐饮/_未分类,************0512
5877,餐饮/_未分类,中兴通讯股份有限公司
5879,餐饮/_未分类,
5881,餐饮/_未分类,
5882,餐饮/_未分类,
5884,餐饮/_未分类,
5885,餐饮/_未分类,
5889,餐饮/_未分类,
5890,餐饮/_未分类,摇一摇，有优惠
5891,餐饮/_未分类,
5892,餐饮/_未分类,中兴通讯股份有限公司
5895,餐饮/_未分类,
5896,餐饮/_未分类,
5897,餐饮/_未分类,美团
5898,餐饮/_未分类,
5901,餐饮/_未分类,
5903,餐饮/_未分类,
5905,餐饮/_未分类,
5908,餐饮/_未分类,
5913,餐饮/_未分类,
5914,餐饮/_未分类,
5917,餐饮/_未分类,萬佳香烤鸭店南京汇景北路店
5918,餐饮/_未分类,更改
5921,餐饮/_未分类,付款方式
5922,餐饮/_未分类,秦淮区袁袁袁餐饮店
5925,餐饮/_未分类,华润万家有限公司
5926,餐饮/_未分类,
5930,餐饮/_未分类,
5931,餐饮/_未分类,
5934,餐饮/_未分类,中兴通讯股份有限公司
5935,餐饮/_未分类,
5944,餐饮/_未分类,
5945,餐饮/_未分类,花味(江苏)餐饮管理有限公司
5947,餐饮/_未分类,老陈家石磨豆腐脑
5951,餐饮/_未分类,支付成功
5959,餐饮/_未分类,
5960,餐饮/_未分类,
5961,餐饮/_未分类,
5962,餐饮/_未分类,北京泉新高品科贸有限责任公司
5969,餐饮/_未分类,肥叔锅贴
5975,餐饮/_未分类,
5976,餐饮/_未分类,
5978,餐饮/_未分类,华润万家有限公司
5980,餐饮/_未分类,
5982,餐饮/_未分类,华润万家有限公司
5983,餐饮/_未分类,
5984,餐饮/_未分类,中兴通讯股份有限公司
5985,餐饮/_未分类,中兴通讯股份有限公司
5990,餐饮/_未分类,
5993,餐饮/_未分类,
5996,餐饮/_未分类,
6000,餐饮/_未分类,华润万家有限公司
6001,餐饮/_未分类,中兴通讯股份有限公司
6008,餐饮/_未分类,中兴通讯股份有限公司
6009,餐饮/_未分类,中兴通讯股份有限公司
6013,餐饮/_未分类,秦淮区聚佳鲜水果店
6014,餐饮/_未分类,秦淮区袁袁袁餐饮店
6015,餐饮/_未分类,
6018,餐饮/_未分类,赵记皮肚大碗面
6019,餐饮/_未分类,赵记皮肚大碗面
6020,餐饮/_未分类,
6026,餐饮/_未分类,
6027,餐饮/_未分类,购好超市
6031,餐饮/_未分类,
6032,餐饮/_未分类,美团
6033,餐饮/_未分类,
6034,餐饮/_未分类,美团
6035,餐饮/_未分类,
6036,餐饮/_未分类,美团
6038,餐饮/_未分类,
6039,餐饮/_未分类,
6040,餐饮/_未分类,
6048,餐饮/_未分类,美团
6050,餐饮/_未分类,
6051,餐饮/_未分类,
6053,餐饮/_未分类,
6058,餐饮/_未分类,
6059,餐饮/_未分类,
6060,餐饮/_未分类,开市客（南京）商业有限公司
6063,餐饮/_未分类,
6064,餐饮/_未分类,
6066,餐饮/_未分类,北京泉新高品科贸有限责任公司
6067,餐饮/_未分类,
6068,餐饮/_未分类,
6069,餐饮/_未分类,
6071,餐饮/_未分类,中兴通讯股份有限公司
6073,餐饮/_未分类,
6074,餐饮/_未分类,北京泉新高品科贸有限责任公司
6075,餐饮/_未分类,
6079,餐饮/_未分类,中兴通讯股份有限公司
6080,餐饮/_未分类,
6081,餐饮/_未分类,中兴通讯股份有限公司
6082,餐饮/_未分类,华润万家有限公司
6088,餐饮/_未分类,中兴通讯股份有限公司
6093,餐饮/_未分类,
6094,餐饮/_未分类,
6095,餐饮/_未分类,
6096,餐饮/_未分类,美团
6097,餐饮/_未分类,北京泉新高品科贸有限责任公司
6098,餐饮/_未分类,
6102,餐饮/_未分类,
6103,餐饮/_未分类,中兴通讯股份有限公司
6106,餐饮/_未分类,
6111,餐饮/_未分类,中兴通讯股份有限公司
6114,餐饮/_未分类,
6115,餐饮/_未分类,北京泉新高品科贸有限责任公司
6116,餐饮/_未分类,
6119,餐饮/_未分类,
6120,餐饮/_未分类,中兴通讯股份有限公司
6121,餐饮/_未分类,
6122,餐饮/_未分类,中兴通讯股份有限公司
6126,餐饮/_未分类,华润万家有限公司
6127,餐饮/_未分类,中兴通讯股份有限公司
6132,餐饮/_未分类,
6134,餐饮/_未分类,
6135,餐饮/_未分类,
6136,餐饮/_未分类,美团
6137,餐饮/_未分类,
6138,餐饮/_未分类,美团
6141,餐饮/_未分类,
6142,餐饮/_未分类,
6143,餐饮/_未分类,中兴通讯股份有限公司
6144,餐饮/_未分类,
6145,餐饮/_未分类,华润万家有限公司
6147,餐饮/_未分类,美团
6150,餐饮/_未分类,
6152,餐饮/_未分类,华润万家有限公司
6153,餐饮/_未分类,中兴通讯股份有限公司
6154,餐饮/_未分类,
6157,餐饮/_未分类,中兴通讯股份有限公司
6160,餐饮/_未分类,
6162,餐饮/_未分类,
6163,餐饮/_未分类,
6165,餐饮/_未分类,花味(江苏)餐饮管理有限公司
6166,餐饮/_未分类,花味(江苏)餐饮管理有限公司
6167,餐饮/_未分类,中兴通讯股份有限公司
6170,餐饮/_未分类,中兴通讯股份有限公司
6173,餐饮/_未分类,中兴通讯股份有限公司
6174,餐饮/_未分类,中兴通讯股份有限公司
6185,餐饮/_未分类,
6188,餐饮/_未分类,零食
6189,餐饮/_未分类,
6193,餐饮/_未分类,烤鸭 素烧鹅
6194,餐饮/_未分类,好想来零食
6197,餐饮/_未分类,山姆
6199,餐饮/_未分类,
6201,餐饮/_未分类,
6204,餐饮/_未分类,山姆 梨和卤鹅
6205,餐饮/_未分类,
6209,餐饮/_未分类,烤鸭
6210,餐饮/_未分类,外卖午餐
6212,餐饮/_未分类,鸭子
6214,餐饮/_未分类,
6217,餐饮/_未分类,午饭
6220,餐饮/_未分类,
6222,餐饮/_未分类,山姆
6224,餐饮/_未分类,
6225,餐饮/_未分类,山姆 披萨
6226,餐饮/_未分类,
6229,餐饮/_未分类,
6231,餐饮/_未分类,面条
6232,餐饮/_未分类,
6236,餐饮/_未分类,
6237,餐饮/_未分类,
6238,餐饮/_未分类,
6240,餐饮/_未分类,
6244,餐饮/_未分类,
6255,餐饮/_未分类,
6260,餐饮/_未分类,请客 宋良
6263,餐饮/_未分类,
6265,餐饮/_未分类,
6268,餐饮/_未分类,
6269,餐饮/_未分类,
6271,餐饮/_未分类,
6272,餐饮/_未分类,
6274,餐饮/_未分类,
6275,餐饮/_未分类,
6276,餐饮/_未分类,
6277,餐饮/_未分类,
6280,餐饮/_未分类,
6283,餐饮/_未分类,
6285,餐饮/_未分类,
6286,餐饮/_未分类,
6295,餐饮/_未分类,
6296,餐饮/_未分类,
6298,餐饮/_未分类,
6299,餐饮/_未分类,山姆
6300,餐饮/_未分类,
6301,餐饮/_未分类,
6307,餐饮/_未分类,
6308,餐饮/_未分类,
6312,餐饮/_未分类,
6317,餐饮/_未分类,
6323,餐饮/_未分类,
6326,餐饮/_未分类,
6331,餐饮/_未分类,
6336,餐饮/_未分类,
6338,餐饮/_未分类,
6340,餐饮/_未分类,
6342,餐饮/_未分类,
6343,餐饮/_未分类,
6345,餐饮/_未分类,
6350,餐饮/_未分类,
6354,餐饮/_未分类,午饭
6358,餐饮/_未分类,山姆 食物
6365,餐饮/_未分类,山姆 蛋糕 新品
6371,餐饮/_未分类,山姆 牛肉烧饼
6377,餐饮/_未分类,
6380,餐饮/_未分类,
6382,餐饮/_未分类,
6383,餐饮/_未分类,
6384,餐饮/_未分类,
6386,餐饮/_未分类,
6387,餐饮/_未分类,共同 冰淇淋
6388,餐饮/_未分类,
6390,餐饮/_未分类,
6392,餐饮/_未分类,共同 烤肉 洋洋
6393,餐饮/_未分类,买菜
6400,餐饮/_未分类,
6401,餐饮/_未分类,
6402,餐饮/_未分类,
6405,餐饮/_未分类,共同 约会 洋洋
6408,餐饮/_未分类,
6411,餐饮/_未分类,
6416,餐饮/_未分类,
6418,餐饮/_未分类,
6425,餐饮/_未分类,
6426,餐饮/_未分类,
6427,餐饮/_未分类,
6430,餐饮/_未分类,
6433,餐饮/_未分类,
6434,餐饮/_未分类,
6435,餐饮/_未分类,
6437,餐饮/_未分类,
6438,餐饮/_未分类,
6441,餐饮/_未分类,
6444,餐饮/_未分类,
6447,餐饮/_未分类,
6448,餐饮/_未分类,
6449,餐饮/_未分类,
6454,餐饮/_未分类,
6457,餐饮/_未分类,
6459,餐饮/_未分类,
6460,餐饮/_未分类,
6461,餐饮/_未分类,
6462,餐饮/_未分类,
6463,餐饮/_未分类,
6464,餐饮/_未分类,
6466,餐饮/_未分类,
6467,餐饮/_未分类,
6470,餐饮/_未分类,
6472,餐饮/_未分类,共同 团建 宋良 羊羊
6476,餐饮/_未分类,
6480,餐饮/_未分类,龙虾
6483,餐饮/_未分类,
6486,餐饮/_未分类,
6492,餐饮/_未分类,
6493,餐饮/_未分类,
6497,餐饮/_未分类,
6500,餐饮/_未分类,
6503,餐饮/_未分类,
6507,餐饮/_未分类,
6508,餐饮/_未分类,
6509,餐饮/_未分类,
6511,餐饮/_未分类,
6512,餐饮/_未分类,买菜 炒饭
6516,餐饮/_未分类,mm
6519,餐饮/_未分类,
6520,餐饮/_未分类,方便面
6521,餐饮/_未分类,康师傅红烧牛肉面
6522,餐饮/_未分类,
6523,餐饮/_未分类,
6526,餐饮/_未分类,
6529,餐饮/_未分类,
6532,餐饮/_未分类,
6534,餐饮/_未分类,
6536,餐饮/_未分类,
6537,餐饮/_未分类,
6539,餐饮/_未分类,
6540,餐饮/_未分类,
6542,餐饮/_未分类,
6544,餐饮/_未分类,
6545,餐饮/_未分类,
6546,餐饮/_未分类,
6552,餐饮/_未分类,虾仁
6555,餐饮/_未分类,
6558,餐饮/_未分类,
6561,餐饮/_未分类,
6564,餐饮/_未分类,
6567,餐饮/_未分类,
6568,餐饮/_未分类,
6572,餐饮/_未分类,
6576,餐饮/_未分类,
6577,餐饮/_未分类,
6579,餐饮/_未分类,
6581,餐饮/_未分类,
6584,餐饮/_未分类,
6585,餐饮/_未分类,
6588,餐饮/_未分类,
6590,餐饮/_未分类,
6591,餐饮/_未分类,
6592,餐饮/_未分类,
6593,餐饮/_未分类,
6594,餐饮/_未分类,
6595,餐饮/_未分类,
6597,餐饮/_未分类,
6599,餐饮/_未分类,
6600,餐饮/_未分类,
6601,餐饮/_未分类,
6603,餐饮/_未分类,
6604,餐饮/_未分类,
6606,餐饮/_未分类,
6608,餐饮/_未分类,
6609,餐饮/_未分类,
6610,餐饮/_未分类,
6611,餐饮/_未分类,
6612,餐饮/_未分类,
6613,餐饮/_未分类,
6615,餐饮/_未分类,
6621,餐饮/_未分类,
6626,餐饮/_未分类,
6627,餐饮/_未分类,
6632,餐饮/_未分类,
6633,餐饮/_未分类,
6636,餐饮/_未分类,晚饭
6638,餐饮/_未分类,岐山臊子面
6640,餐饮/_未分类,西安面馆老潼关肉夹馍-biangbiang面
6644,餐饮/_未分类,萬佳香烤鸭店南京汇景北路店 | 支付宝花呗支付 | ¥17.90 | 购买烤鸭
6653,餐饮/_未分类,西安面馆的面
6656,餐饮/_未分类,山姆网购：德青源鸡蛋2盒¥45.8+香草青酱鸡胸肉¥49.9+十月稻田米¥53.9，包装费¥2
6661,餐饮/_未分类,西安面馆-杨伟平肉夹馍店，花呗支付0.21优惠，实付18.79
6665,餐饮/_未分类,鸡蛋炒刀削面;西安面馆杨伟平肉夹馍店
6676,餐饮/_未分类,中兴通讯-自助餐
6677,餐饮/_未分类,丽姐麻辣烫
6678,餐饮/_未分类,丽姐麻辣烫-请女朋友吃
6681,餐饮/_未分类,熊麻婆（南京复地宴南都店）
6682,餐饮/_未分类,熊麻婆，新客福利招牌3选1
6684,餐饮/_未分类,熊麻婆 番茄牛套餐
6685,餐饮/_未分类,正新鸡排 宴南都店
6688,餐饮/_未分类,熊麻婆 招牌套餐
6689,餐饮/_未分类,熊麻婆 新客福利 红豆酒酿
6690,餐饮/_未分类,香菇鸡丁盖码饭
6691,餐饮/_未分类,瑞幸咖啡：小黄油可颂¥3.9 + 冰可可维也纳¥13.9
6692,餐饮/_未分类,熊麻婆现炒浇头面：双人餐4
6693,餐饮/_未分类,红豆酒酿饮料-新客优惠
6694,餐饮/_未分类,熊妈妈浇头饭
6695,餐饮/_未分类,咖啡
6707,餐饮/_未分类,小麦对白面包商店（保利唐悦分店），花呗支付，20g森林能量
6708,餐饮/_未分类,美团-招牌小鸡炖蘑菇2-3人，和宋良吃饭
6712,餐饮/_未分类,瑞幸咖啡 Hello苹果茉莉
6713,餐饮/_未分类,花味·自助烤肉 双人自助餐 和女朋友一起吃
6714,餐饮/_未分类,熊麻婆现炒浇头面·直播专享 3选1
6721,餐饮/_未分类,汇盟源超市南站店 - 汽水6瓶
6726,餐饮/_未分类,蜜雪冰城
6728,餐饮/_未分类,全冰黑巧美式（中兴和泰酒店店）
6737,餐饮/_未分类,好想来零食乐园（水果零食）
6741,餐饮/_未分类,熊麻婆现炒浇头面·黑金酸菜卤肉饭（团购券原价，堂食）
6750,餐饮/_未分类,沙胆彪炭炉牛杂煲-雨花客厅店(珠光煲气双人餐)-和女朋友一起吃
6753,餐饮/_未分类,蜜雪冰城-复地宴南都店 薄荷奶绿+薄荷冰淇淋(取餐码7252)
6754,餐饮/_未分类,萬佳香烤鸭店-南京汇景北路店
6755,餐饮/_未分类,荔佳水果店-南京秦淮区
6756,餐饮/_未分类,荔佳水果店-南京秦淮区
6757,餐饮/_未分类,豆腐脑
6758,餐饮/_未分类,萬佳香烤鸭店南京汇景北路店
6760,餐饮/_未分类,熊麻婆美团达人专享招牌3
6762,餐饮/_未分类,小仓生活(江宁店) 闪购 - 可口可乐+芬达饮料
6763,餐饮/_未分类,南京市秦淮区荔佳水果店
6764,餐饮/_未分类,萬佳香烤鸭店南京汇景北路店
6766,餐饮/_未分类,萬佳香烤鸭店南京汇景北路店
6772,餐饮/_未分类,买菜：西红柿+葱
6775,餐饮/_未分类,晚饭
6776,餐饮/_未分类,三个炸鸡腿
6780,餐饮/_未分类,烧鹅腿饭外卖
6782,餐饮/_未分类,木耳炒牛肉盖浇饭外卖
6783,餐饮/_未分类,寿司
6795,餐饮/_未分类,生椰茉莉味大福 ¥3.9 + 弗朗明戈·跳跳冰茶 ¥10.9
6801,餐饮/_未分类,无糖可口可乐×3瓶
6805,餐饮/_未分类,蛋糕和零食
6806,餐饮/_未分类,元气森林饮料
6807,餐饮/_未分类,盘水面和蛋饼
6813,餐饮/_未分类,瑞幸咖啡
6814,餐饮/_未分类,瑞幸咖啡
6815,餐饮/_未分类,晶丽海鲜自助(百家湖1912店)-单人自助餐券
6816,餐饮/_未分类,晶丽海鲜自助(百家湖1912店)-三人自助餐券
6824,餐饮/_未分类,买蔬菜（胡萝卜/黄瓜/大蒜/柠檬/小葱）
6825,餐饮/_未分类,罗氏沼虾350g约10-18只
6826,餐饮/_未分类,烧饼
6829,餐饮/_未分类,熊麻婆现炒浇头面·饭 团购券(未消费) 美团月付
6830,餐饮/_未分类,香蕉
6831,餐饮/_未分类,娃娃菜和金针菇
6834,餐饮/_未分类,"很久以前,和女朋友一起吃的,我请的"
6836,餐饮/_未分类,苹果香蕉
6839,餐饮/_未分类,"萬佳香烤鸭店·买酱鸭(带回家,未吃)"
6849,餐饮/_未分类,皖美生鲜-水果
6850,餐饮/_未分类,菜市场-菜
6851,餐饮/_未分类,晓美生鲜-黄瓜+花椰菜(晚饭)
701,餐饮/食材/_未分类,
703,餐饮/食材/_未分类,园艺
707,餐饮/食材/_未分类,
724,餐饮/食材/_未分类,香草和蔬菜
764,餐饮/食材/_未分类,如皋市佳泉超市
766,餐饮/食材/_未分类,三杯鸡材料
775,餐饮/食材/_未分类,
776,餐饮/食材/_未分类,头等果舱
833,餐饮/食材/_未分类,菠菜
836,餐饮/食材/_未分类,大米蔬菜
841,餐饮/食材/_未分类,买菜+鸡蛋
848,餐饮/食材/_未分类,香草
862,餐饮/食材/_未分类,大润发买菜
863,餐饮/食材/_未分类,恰好
864,餐饮/食材/_未分类,
867,餐饮/食材/_未分类,大润发买菜
870,餐饮/食材/_未分类,大润发买菜
871,餐饮/食材/_未分类,大润发 买菜
872,餐饮/食材/_未分类,买菜
886,餐饮/食材/_未分类,买菜
888,餐饮/食材/_未分类,可生吃鸡蛋🥚
2016,餐饮/食材/_未分类,
2026,餐饮/食材/_未分类,
2274,餐饮/食材/_未分类,花🌸
2361,餐饮/食材/_未分类,种植
2367,餐饮/食材/_未分类,种植蔬菜的材料
2376,餐饮/食材/_未分类,种植套餐
2383,餐饮/食材/_未分类,种植相关
3584,餐饮/食材/_未分类,洒水器
3851,餐饮/食材/_未分类,恰好
3860,餐饮/食材/_未分类,永成**部
3887,餐饮/食材/_未分类,恰好
3899,餐饮/食材/_未分类,花盆架子
3929,餐饮/食材/_未分类,浇水
3930,餐饮/食材/_未分类,
3948,餐饮/食材/_未分类,
3962,餐饮/食材/_未分类,
3976,餐饮/食材/_未分类,
3999,餐饮/食材/_未分类,
4009,餐饮/食材/_未分类,南京万兴商业管理有限公司
4014,餐饮/食材/_未分类,
4030,餐饮/食材/_未分类,
4041,餐饮/食材/_未分类,
4061,餐饮/食材/_未分类,
4071,餐饮/食材/_未分类,恰好
4082,餐饮/食材/_未分类,恰好
4115,餐饮/食材/_未分类,种植
4120,餐饮/食材/_未分类,土壤
4131,餐饮/食材/_未分类,种植
4156,餐饮/食材/_未分类,
4163,餐饮/食材/_未分类,种植
4175,餐饮/食材/_未分类,
4176,餐饮/食材/_未分类,
4183,餐饮/食材/_未分类,
4190,餐饮/食材/_未分类,种花
4197,餐饮/食材/_未分类,园艺支架
4199,餐饮/食材/_未分类,种植
4205,餐饮/食材/_未分类,
4208,餐饮/食材/_未分类,上海格物致品网络科技有限公司
4210,餐饮/食材/_未分类,种植
4211,餐饮/食材/_未分类,种植
4226,餐饮/食材/_未分类,香草
4227,餐饮/食材/_未分类,
4228,餐饮/食材/_未分类,种植
4284,餐饮/食材/_未分类,
4342,餐饮/食材/_未分类,
4346,餐饮/食材/_未分类,
4386,餐饮/食材/_未分类,买菜哦
4389,餐饮/食材/_未分类,
4392,餐饮/食材/_未分类,
4393,餐饮/食材/_未分类,
4404,餐饮/食材/_未分类,
4405,餐饮/食材/_未分类,恰好
4412,餐饮/食材/_未分类,红菜头
4418,餐饮/食材/_未分类,
4420,餐饮/食材/_未分类,
4460,餐饮/食材/_未分类,
4461,餐饮/食材/_未分类,
4464,餐饮/食材/_未分类,
4492,餐饮/食材/_未分类,
4496,餐饮/食材/_未分类,
4498,餐饮/食材/_未分类,调料
4531,餐饮/食材/_未分类,
4537,餐饮/食材/_未分类,
4538,餐饮/食材/_未分类,
4539,餐饮/食材/_未分类,大润发购物卡
4540,餐饮/食材/_未分类,超市购物金
4542,餐饮/食材/_未分类,
4549,餐饮/食材/_未分类,恰好
4559,餐饮/食材/_未分类,
4560,餐饮/食材/_未分类,买菜卡
4564,餐饮/食材/_未分类,恰好
4569,餐饮/食材/_未分类,
4571,餐饮/食材/_未分类,买菜哦
4576,餐饮/食材/_未分类,买菜哦。准备周末。
4586,餐饮/食材/_未分类,恰好
4651,餐饮/食材/_未分类,
4736,餐饮/食材/_未分类,
4737,餐饮/食材/_未分类,
6172,餐饮/食材/_未分类,华润万家有限公司
6187,餐饮/食材/_未分类,
6565,餐饮/食材/_未分类,
6820,餐饮/食材/_未分类,山姆极速达-生鲜鸡大胸 2.6kg/6 份装（Sun Valley 太阳谷，安徽滁州）。订单号 3406135333716383939，雨花台店。
6821,餐饮/食材/_未分类,山姆极速达-罗氏沼虾 750g。订单号 3406135333716383939，雨花台店。
